,2019A,2018A,2017A,2016A,2015A,2014A,2013A,2012A,2011A,2010A,2009A,2008A,2007A
Ticker,AAA,AAA,AAA,AAA,AAA,AAA,AAA,AAA,AAA,AAA,AAA,AAA,AAA
San,HOSE,HOSE,HOSE,HOSE,HOSE,HOSE,HNX,HNX,HNX,HNX,HNX,HNX,HNX
Yearreport,2019A,2018A,2017A,2016A,2015A,2014A,2013A,2012A,2011A,2010A,2009A,2008A,2007A
Kiemtoan,True,True,True,True,True,True,True,True,True,True,True,True,True
Tai_san_ngan_han,4971363590401.0,3989369447153.0,2142716548893.0,1361646469010.0,1071561008455.0,694379188147.0,495025008321.0,433003091629.0,294682021808.0,284630001494.0,222826255765.0,143553715542.0,100276941624.0
Tien_va_tuong_duong_tien,291674680985.0,645474843425.0,509577636533.0,406676809154.0,470061718120.0,336807716067.0,130266723762.0,103421045480.0,32921082097.0,20196093317.0,77821764375.0,3681470777.0,8973523178.0
Tien,233349201535.0,217635249378.0,120809634969.0,121149572757.0,242393182850.0,122985042067.0,113266723762.0,13247925190.0,32921082097.0,20196093317.0,77821764375.0,3681470777.0,8973523178.0
Cac_khoan_tuong_duong_tien,58325479450.0,427839594047.0,388768001564.0,285527236397.0,227668535270.0,213822674000.0,17000000000.0,90173120290.0,0.0,0.0,0.0,0.0,0.0
Gia_tri_thuan_dau_tu_ngan_han,1251822102192.0,720906460274.0,50000000000.0,0.0,0.0,30000000000.0,0.0,0.0,0.0,0.0,0.0,0.0,8171212000.0
Dau_tu_ngan_han,59670020000.0,0.0,0.0,0.0,0.0,0.0,0.0,0.0,0.0,0.0,0.0,0.0,8171212000.0
Du_phong_dau_tu_ngan_han,0.0,0.0,0.0,0.0,0.0,0.0,0.0,0.0,0.0,0.0,0.0,0.0,0.0
Cac_khoan_phai_thu,2079278885563.0,1612785115376.0,961381022420.0,455567565640.0,363509670487.0,179292636069.0,146942387955.0,93812818953.0,110425880638.0,161949968182.0,84576400271.0,90092762270.0,42683768502.0
Phai_thu_khach_hang,726708606479.0,691606956768.0,417516053153.0,221225458631.0,103363445699.0,122485772971.0,76666094111.0,55926135620.0,88920382815.0,73478965586.0,47669097498.0,22624432007.0,16520367513.0
Tra_truoc_nguoi_ban,635624680580.0,531565397491.0,325870456358.0,184015378614.0,169259565534.0,4571973920.0,55117289723.0,34357487870.0,18639524067.0,67557857034.0,35853593761.0,62030296976.0,26139106832.0
Phai_thu_noi_bo,0.0,0.0,0.0,0.0,0.0,0.0,0.0,0.0,0.0,0.0,0.0,0.0,0.0
Phai_thu_ve_xdcb,0.0,0.0,0.0,0.0,0.0,0.0,0.0,0.0,0.0,0.0,0.0,0.0,0.0
Phai_thu_khac,180282631655.0,95914591448.0,88265512909.0,51025438748.0,91048764635.0,52396579838.0,15159004121.0,3529195463.0,2865973756.0,21006455908.0,1122735144.0,5438033287.0,24294157.0
Du_phong_no_kho_doi,0.0,0.0,0.0,-698710353.0,-162105381.0,-162105381.0,0.0,0.0,0.0,-93310346.0,-69026132.0,0.0,0.0
Hang_ton_kho_rong,1221502966657.0,862749230434.0,536681725193.0,450591281857.0,214186555570.0,137522087909.0,200025997066.0,195577712457.0,125598984405.0,80619238531.0,48690499468.0,39977628196.0,35275724424.0
Hang_ton_kho,1221855436361.0,865499747965.0,536681725193.0,450591281857.0,214186555570.0,137522087909.0,200025997066.0,195577712457.0,125598984405.0,80619238531.0,48690499468.0,39977628196.0,35275724424.0
Du_phong_giam_gia_htk,-352469704.0,-2750517531.0,0.0,0.0,0.0,0.0,0.0,0.0,0.0,0.0,0.0,0.0,0.0
Tai_san_luu_dong_khac,127084955004.0,147453797644.0,85076164747.0,48810812359.0,23803064278.0,10756748102.0,17789899538.0,40191514739.0,25736074668.0,21864701464.0,11737591651.0,9801854299.0,5172713520.0
Tra_truoc_ngan_han,28345276355.0,21081856490.0,18897599281.0,21275206737.0,14690447772.0,8286725798.0,3957354117.0,3247555086.0,2508843786.0,2048123923.0,3677305857.0,3037167412.0,972737234.0
Thue_vat_phai_thu,97404425420.0,123666085695.0,65917582112.0,27535605622.0,9112616506.0,1177133335.0,7967080118.0,5472792052.0,11357508227.0,13172505038.0,489001160.0,50747861.0,3329903854.0
Phai_thu_thue_khac,1335253229.0,2705855459.0,260983354.0,0.0,0.0,1292888969.0,0.0,0.0,0.0,0.0,636336437.0,0.0,0.0
Tai_san_luu_dong_khac1,0.0,0.0,0.0,0.0,0.0,0.0,5865465303.0,31471167601.0,11869722655.0,6644072503.0,6934948197.0,6713939026.0,870072432.0
Tai_san_dai_han,3016090568130.0,3539797275250.0,2433440579906.0,1715969509727.0,883203669585.0,727271546766.0,655544196312.0,467490698249.0,521935953581.0,360348520237.0,214024570063.0,127777732198.0,53233461200.0
Phai_thu_dai_han,96367470288.0,21384352467.0,0.0,0.0,0.0,0.0,0.0,0.0,0.0,0.0,0.0,0.0,0.0
Phai_thu_khach_hang_dai_han,0.0,0.0,0.0,0.0,0.0,0.0,0.0,0.0,0.0,0.0,0.0,0.0,0.0
Phai_thu_noi_bo_dai_han,0.0,0.0,0.0,0.0,0.0,0.0,0.0,0.0,0.0,0.0,0.0,0.0,0.0
Phai_thu_dai_han_khac,20667470288.0,21384352467.0,0.0,0.0,0.0,0.0,0.0,0.0,0.0,0.0,0.0,0.0,0.0
Du_phong_phai_thu_dai_han,0.0,0.0,0.0,0.0,0.0,0.0,0.0,0.0,0.0,0.0,0.0,0.0,0.0
Tai_san_co_dinh,2081103918415.0,2198807465735.0,2299486571152.0,1434278060008.0,636532208633.0,651395674675.0,605159756298.0,430583448439.0,438773077844.0,344040676750.0,210278501824.0,125998991697.0,53087648377.0
Gtcl_tscd_huu_hinh,1999153049828.0,2113821537013.0,2202974097676.0,1338477950662.0,595375421956.0,618302904756.0,534173759631.0,382879490393.0,415158611005.0,301604694736.0,202398726706.0,102264122585.0,43524660882.0
Nguyen_gia_tscd_huu_hinh,2982612885000.0,2858372141820.0,2707435817410.0,1703369654599.0,901299077489.0,851063493212.0,709289929529.0,509875045742.0,496175125362.0,348920879777.0,224354028764.0,111787619961.0,46810356605.0
Khau_hao_luy_ke_tscd_huu_hinh,-983459835172.0,-744550604807.0,-504461719734.0,-364891703937.0,-305923655533.0,-232760588456.0,-175116169898.0,-126995555349.0,-81016514357.0,-47316185041.0,-21955302058.0,-9523497376.0,-3285695723.0
Gtcl_tai_san_thue_tai_chinh,0.0,0.0,0.0,0.0,0.0,0.0,0.0,0.0,0.0,0.0,0.0,0.0,0.0
Nguyen_gia_tai_san_thue_tai_chinh,0.0,0.0,0.0,0.0,0.0,0.0,0.0,0.0,0.0,0.0,0.0,0.0,0.0
Khau_hao_luy_ke_tai_san_thue_tai_chinh,0.0,0.0,0.0,0.0,0.0,0.0,0.0,0.0,0.0,0.0,0.0,0.0,0.0
Gtcl_tai_san_co_dinh_vo_hinh,81950868587.0,84985928722.0,96512473476.0,95800109346.0,41156786677.0,33092769919.0,33899031144.0,22470972828.0,23109620048.0,9648687471.0,7879775118.0,5141089462.0,2338984310.0
Nguyen_gia_tscd_vo_hinh,94825808865.0,94894558865.0,103445820433.0,100838674433.0,45206131504.0,36153869936.0,36153869936.0,24100217400.0,24085017400.0,10260243764.0,8158030564.0,5247321884.0,2380402068.0
Khau_khao_luy_ke_tscd_vo_hinh,-12874940278.0,-9908630143.0,-6933346957.0,-5038565087.0,-4049344827.0,-3061100017.0,-2254838792.0,-1629244572.0,-975397352.0,-611556293.0,-278255446.0,-106232422.0,-41417758.0
Xay_dung_co_ban_do_dang,0.0,0.0,0.0,0.0,0.0,0.0,37086965523.0,25232985218.0,504846791.0,32787294543.0,0.0,18593779650.0,7224003185.0
Gia_tri_rong_tai_san_dau_tu,222816109964.0,0.0,0.0,0.0,0.0,0.0,0.0,0.0,0.0,0.0,0.0,0.0,0.0
Nguyen_gia_tai_san_dau_tu,228536485004.0,0.0,0.0,0.0,0.0,0.0,0.0,0.0,0.0,0.0,0.0,0.0,0.0
Khau_hao_luy_ke_tai_san_dau_tu,-5720375040.0,0.0,0.0,0.0,0.0,0.0,0.0,0.0,0.0,0.0,0.0,0.0,0.0
Dau_tu_dai_han,123559449802.0,48380000000.0,0.0,44338667000.0,42587327201.0,39205453451.0,39255796179.0,30600000000.0,79100000000.0,10610787183.0,0.0,0.0,0.0
Dau_tu_vao_cac_cong_ty_con,0.0,0.0,0.0,0.0,0.0,0.0,0.0,0.0,0.0,0.0,0.0,0.0,0.0
Dau_tu_vao_cac_cong_ty_lien_ket,15179449802.0,0.0,0.0,44338667000.0,42587327201.0,39205453451.0,37755796179.0,29100000000.0,79100000000.0,0.0,0.0,0.0,0.0
Dau_tu_dai_han_khac,0.0,0.0,0.0,0.0,0.0,0.0,1500000000.0,1500000000.0,0.0,10610787183.0,0.0,0.0,0.0
Du_phong_giam_gia_dau_tu_dai_han,0.0,0.0,0.0,0.0,0.0,0.0,0.0,0.0,0.0,0.0,0.0,0.0,0.0
Loi_the_thuong_mai,0.0,0.0,0.0,0.0,0.0,0.0,0.0,0.0,0.0,0.0,0.0,0.0,0.0
Tai_san_dai_han_khac,198463960700.0,63216753151.0,35832904857.0,22353240435.0,12924756339.0,8097255330.0,11128643835.0,6307249810.0,4062875737.0,5697056304.0,3746068239.0,1778740501.0,145812823.0
Tra_truoc_dai_han,198274060283.0,62507261342.0,35612756095.0,22332919192.0,12925115705.0,8061140389.0,10848566137.0,6126005353.0,3831959130.0,5587390627.0,3746068239.0,1778740501.0,145812823.0
Thue_thu_nhap_hoan_lai_phai_thu,189900417.0,709491809.0,220148762.0,20321243.0,-359366.0,36114941.0,280077698.0,181244457.0,230916607.0,109665677.0,0.0,0.0,0.0
Cac_tai_san_dai_han_khac,0.0,0.0,0.0,0.0,0.0,0.0,0.0,0.0,0.0,0.0,0.0,0.0,0.0
Tong_cong_tai_san,7987454158531.0,7529166722403.0,4576157128799.0,3077615978737.0,1954764678040.0,1421650734913.0,1150569204633.0,900493789878.0,816617975389.0,644978521731.0,436850825828.0,271331447740.0,153510402824.0
No_phai_tra,4732215965361.0,4548916573712.0,2951186840177.0,2122863876413.0,1135279409795.0,635324911650.0,598551168719.0,373901324306.0,464685984190.0,321442966641.0,314243145498.0,168937246592.0,77481768602.0
No_ngan_han,3236645563011.0,3206103405725.0,1990803708402.0,1140284738375.0,667079248529.0,507673920248.0,515468247067.0,357290324306.0,342394479231.0,213195562016.0,186954632040.0,148484338576.0,51028719862.0
Vay_ngan_han,2400086574603.0,2492406692801.0,1417686392234.0,800794847498.0,438769898696.0,329022191692.0,334296710948.0,229171132347.0,263748994814.0,146974824132.0,143428258206.0,138016682791.0,37039454379.0
Phai_tra_nguoi_ban,604445172076.0,622778663874.0,519298194029.0,304263540143.0,200885707160.0,160688554128.0,155949465449.0,104929794720.0,39725299374.0,50294069675.0,28231006562.0,6221837646.0,12630270505.0
Nguoi_mua_tra_tien_truoc,98696555635.0,43876545842.0,17127077695.0,11280630943.0,12300795564.0,6541650794.0,11351552129.0,7335071112.0,7363748063.0,2938565775.0,4815756714.0,2036842294.0,553837628.0
Thue_va_cac_khoan_phai_tra_nha_nuoc,26948489726.0,14084998080.0,14232960650.0,6947288639.0,5746819042.0,330215456.0,4031283006.0,5489113789.0,6428932701.0,3461789198.0,88650896.0,23763186.0,4417995.0
Phai_tra_nguoi_lao_dong,22621950526.0,19601493769.0,13308406810.0,9184831648.0,4560270983.0,7125469132.0,7232858110.0,5294499797.0,4359004453.0,2568339758.0,1934603170.0,1704559223.0,570495779.0
Chi_phi_phai_tra,36452750488.0,8985258785.0,6422195946.0,2080000000.0,0.0,0.0,0.0,0.0,3442500000.0,1530000000.0,4320000000.0,0.0,0.0
Phai_tra_noi_bo,0.0,0.0,0.0,0.0,0.0,0.0,0.0,0.0,0.0,0.0,0.0,0.0,0.0
Phai_tra_ve_xay_dung_co_ban,0.0,0.0,0.0,0.0,0.0,0.0,0.0,0.0,0.0,0.0,0.0,0.0,0.0
Phai_tra_khac,4735482050.0,3292201538.0,2702175863.0,5705003625.0,3856673854.0,3104251244.0,2382861508.0,1437598209.0,12098073752.0,5171672479.0,4136356492.0,480653436.0,230243576.0
Du_phong_cac_khoan_phai_tra_ngan_han,0.0,0.0,0.0,0.0,0.0,0.0,0.0,0.0,0.0,0.0,0.0,0.0,0.0
Quy_khen_thuong_phuc_loi,782649996.0,624409218.0,26305175.0,28595879.0,959083230.0,861587802.0,223515917.0,3633114332.0,5227926074.0,256300999.0,0.0,0.0,0.0
No_dai_han,1495570402350.0,1342813167987.0,960383131775.0,982579138038.0,468200161266.0,127650991402.0,83082921652.0,16611000000.0,122291504959.0,108247404625.0,127288513458.0,20452908016.0,26453048740.0
Phai_tra_nha_cung_cap_dai_han,0.0,0.0,0.0,0.0,0.0,0.0,0.0,0.0,0.0,0.0,0.0,0.0,0.0
Phai_tra_noi_bo_dai_han,0.0,0.0,0.0,0.0,0.0,0.0,0.0,0.0,0.0,0.0,0.0,0.0,0.0
Phai_tra_dai_han_khac,24231793347.0,0.0,0.0,0.0,0.0,0.0,0.0,0.0,0.0,0.0,0.0,0.0,0.0
Vay_dai_han,1371510124549.0,1342803889822.0,959926578352.0,982579138038.0,171262661266.0,127650991402.0,83082921652.0,16611000000.0,122228854740.0,108151401407.0,127188734740.0,20388734740.0,26453048740.0
Thue_thu_nhap_hoan_lai_phai_tra,22386965568.0,9278165.0,456553423.0,0.0,0.0,0.0,0.0,0.0,0.0,0.0,0.0,0.0,0.0
Du_phong_tro_cap_thoi_viec,0.0,0.0,0.0,0.0,0.0,0.0,0.0,0.0,62650219.0,96003218.0,99778718.0,64173276.0,0.0
Du_phong_cac_khoan_cong_no_dai_han,0.0,0.0,0.0,0.0,0.0,0.0,0.0,0.0,0.0,0.0,0.0,0.0,0.0
Du_phong_nghiep_vu_ap_dung_cho_cty_bao_hiem,0.0,0.0,0.0,0.0,0.0,0.0,0.0,0.0,0.0,0.0,0.0,0.0,0.0
Doanh_thu_chua_thuc_hien,77441518886.0,0.0,0.0,0.0,0.0,0.0,0.0,0.0,0.0,0.0,0.0,0.0,0.0
Quy_phat_trien_khoa_hoc_cong_nghe,0.0,0.0,0.0,0.0,0.0,0.0,0.0,0.0,0.0,0.0,0.0,0.0,0.0
Von_chu_so_huu,3255238193170.0,2980250148691.0,1624970288622.0,954752102324.0,819485268245.0,786325823263.0,543446500724.0,518556655257.0,350355248453.0,322538785978.0,121607680330.0,102394201148.0,76028634222.0
Von_va_cac_quy,3255238193170.0,2980250148691.0,1624970288622.0,954752102324.0,819485268245.0,786325823263.0,543446500724.0,518556655257.0,350355248453.0,322538785978.0,121026942348.0,103081682556.0,76145604822.0
Von_gop,1711999760000.0,1711999760000.0,835999880000.0,569649880000.0,494999880000.0,396000000000.0,198000000000.0,198000000000.0,99000000000.0,99000000000.0,66000000000.0,66000000000.0,60000000000.0
Thang_du_von_co_phan,532112689329.0,532112689329.0,198063767329.0,160721267329.0,147408567329.0,147501567329.0,130933926549.0,130933926549.0,107100000000.0,107100000000.0,18000000000.0,18000000000.0,0.0
Von_khac,0.0,0.0,0.0,0.0,0.0,0.0,0.0,0.0,0.0,0.0,0.0,0.0,0.0
Co_phieu_quy,0.0,0.0,0.0,0.0,0.0,0.0,0.0,0.0,0.0,0.0,0.0,0.0,0.0
Chenh_lech_danh_gia_lai_tai_san,0.0,0.0,0.0,0.0,0.0,0.0,0.0,0.0,0.0,0.0,0.0,0.0,0.0
Chenh_lech_ty_gia,-337778069.0,-39715243.0,158818819.0,205250085.0,1587734457.0,0.0,0.0,0.0,-136775000.0,261744862.0,-1802432110.0,0.0,0.0
Quy_dau_tu_va_phat_trien,67258859051.0,57775383144.0,45683661717.0,38274886929.0,35950759648.0,31389007730.0,13209874449.0,10408445862.0,7106686273.0,2580392451.0,694254833.0,0.0,0.0
Quy_du_phong_tai_chinh,0.0,0.0,0.0,0.0,0.0,0.0,13088448201.0,10287019614.0,6394577025.0,2458966203.0,747601940.0,0.0,0.0
Quy_du_tru_bat_buoc_cty_bao_hiem,0.0,0.0,0.0,0.0,0.0,0.0,0.0,0.0,0.0,0.0,0.0,0.0,0.0
Quy_quy_khac,13177404323.0,13177404323.0,13177404323.0,13177404323.0,13177404323.0,14053617323.0,10632061783.0,8738885556.0,4073424158.0,2579785.0,-335234665.0,-9762969.0,0.0
Lai_chua_phan_phoi,602685892796.0,265860134664.0,283769575300.0,161862080186.0,116439130668.0,187992781673.0,177582189742.0,160188377676.0,126817335997.0,111135102677.0,37722752350.0,19091445525.0,16145604822.0
Quy_ho_tro_sap_xep_doanh_nghiep,0.0,0.0,0.0,0.0,0.0,0.0,0.0,0.0,0.0,0.0,0.0,0.0,0.0
Von_ngan_sach_nha_nuoc_va_quy_khac,0.0,0.0,0.0,0.0,0.0,0.0,0.0,0.0,0.0,0.0,580737982.0,-687481408.0,-116970600.0
Quy_khen_thuong_phuc_loi_truoc_2010,0.0,0.0,0.0,0.0,0.0,0.0,0.0,0.0,0.0,0.0,580737982.0,-687481408.0,-116970600.0
Von_ngan_sach_nha_nuoc,0.0,0.0,0.0,0.0,0.0,0.0,0.0,0.0,0.0,0.0,0.0,0.0,0.0
Loi_ich_cua_co_dong_thieu_so,0.0,0.0,0.0,0.0,0.0,0.0,8571535190.0,8035810315.0,1576742746.0,996769112.0,1000000000.0,0.0,0.0
Tong_cong_nguon_von,7987454158531.0,7529166722403.0,4576157128799.0,3077615978737.0,1954764678040.0,1421650734913.0,1150569204633.0,900493789878.0,816617975389.0,644978521731.0,436850825828.0,271331447740.0,153510402824.0
Doanh_so,9278251727409.0,8018827145835.0,4076763652003.0,2145496749447.0,1616048818116.0,1564763399903.0,1158676596112.0,1013465197675.0,911265076657.0,679983394896.0,385587576799.0,249181853277.0,109079439457.0
Cac_khoan_giam_tru,-20178446735.0,-7254532446.0,-7155348862.0,-1726940597.0,-1499870215.0,-4119790812.0,-1168813243.0,-3431965223.0,-630946150.0,-668692850.0,-1054094167.0,-848429339.0,-542150138.0
Doanh_so_thuan,9258073280674.0,8011572613389.0,4069608303141.0,2143769808850.0,1614548947901.0,1560643609091.0,1157507782869.0,1010033232452.0,910634130507.0,679314702046.0,384533482632.0,248333423938.0,108537289319.0
Gia_von_hang_ban,-8215933902107.0,-7338636540198.0,-3519223197973.0,-1836734397150.0,-1424741156735.0,-1377898703125.0,-978972604135.0,-823693715047.0,-712891199048.0,-492624807172.0,-300935924759.0,-196354999614.0,-85892111201.0
Lai_gop,1042139378567.0,672936073191.0,550385105168.0,307035411700.0,189807791166.0,182744905966.0,178535178734.0,186339517405.0,197742931459.0,186689894874.0,83597557873.0,51978424324.0,22645178118.0
Thu_nhap_tai_chinh,179675456151.0,61517601742.0,55775260107.0,30198848862.0,22394967435.0,8331971297.0,6609884884.0,1060162912.0,9865112348.0,11076624257.0,3464947320.0,1110415766.0,229870060.0
Chi_phi_tai_chinh,-267714576028.0,-208587237486.0,-95052847758.0,-53927481929.0,-49991756319.0,-25896787122.0,-21635143514.0,-30264145218.0,-52284164066.0,-34300289130.0,-21006638482.0,-15580351557.0,-1158461638.0
Chi_phi_tien_lai,-225421605405.0,-125980474352.0,-80592049351.0,-27284472139.0,-24065811358.0,-17187219661.0,-17108189410.0,-29362606635.0,-34840626592.0,-23323421252.0,-17140935824.0,-13158802089.0,-1109101820.0
Chi_phi_ban_hang,2.318207352344216,1.9542082127839804,2.597899198613291,2.6533695561518216,4.659508818843993,5.058027585873847,5.473171999671112,6.067207758326137,5.773899779346764,6.212775603396572,4.043546738914347,3.299720654214403,3.269537642100288
Chi_phi_quan_ly_doanh__nghiep,-149020821435.0,-123618312196.0,-79322555685.0,-62622750100.0,-41608410264.0,-35977045351.0,-36338296308.0,-31833594682.0,-26055313175.0,-22355657452.0,-12689725409.0,-6492499103.0,-1869176760.0
Lai_tu_hoat_dong_kinh_doanh,590401551579.0,245685315267.0,326060640338.0,165553232870.0,48754415156.0,56547827797.0,63819231930.0,64021125776.0,76689464514.0,98906274470.0,37817350205.0,22821680149.0,16298742250.0
Thu_nhap_khac,9238136088.0,11209698006.0,2388598927.0,8081453308.0,1864669013.0,6176730992.0,2538101186.0,3228622664.0,2241648714.0,2253884976.0,1136491095.0,549315403.0,110010367.0
Chi_phi_khac,-2246314543.0,-2910690089.0,-394931990.0,-7037904139.0,-4161615.0,-5524254412.0,-119791191.0,-626170815.0,-1030632164.0,-1413259739.0,-574153852.0,-496348899.0,-1590620.0
Thu_nhap_khac_rong,6991821545.0,8299007917.0,1993666937.0,1043549169.0,1860507398.0,652476580.0,2418309995.0,2602451849.0,1211016550.0,840625237.0,562337243.0,52966504.0,108419747.0
Lai_tu_cong_ty_lien_doanh,0.0,0.0,0.0,0.0,0.0,0.0,4849242924.0,0.0,0.0,0.0,0.0,0.0,0.0
Lai_rong_truoc_thue,597393373124.0,253984323184.0,328054307275.0,166596782039.0,50614922554.0,57200304377.0,71086784849.0,66623577625.0,77900481064.0,99746899707.0,38379687448.0,22874646653.0,16407161997.0
Thue_thu_nhap_doanh_nghiep_-_hien_thoi,-83467221660.0,-42772027927.0,-64433475421.0,-23692445025.0,-10029634651.0,-9175466515.0,-15714076976.0,-10396317261.0,-12350293001.0,-9634472632.0,-656935098.0,0.0,0.0
Thue_thu_nhap_doanh_nghiep_-_hoan_lai,-22897278795.0,936618304.0,-256725898.0,20680603.0,-36474306.0,-243962755.0,98833241.0,-49672150.0,121250930.0,109665677.0,0.0,0.0,0.0
Chi_phi_thue_thu_nhap_doanh_nghiep,-106364500455.0,-41835409623.0,-64690201319.0,-23671764422.0,-10066108957.0,-9419429270.0,-15615243735.0,-10445989411.0,-12229042071.0,-9524806955.0,-656935098.0,0.0,0.0
Lai_thuan_sau_thue,491028872669.0,212148913561.0,263364105956.0,142925017617.0,40548813597.0,47780875107.0,55471541114.0,56177588214.0,65671438993.0,90222092752.0,37722752350.0,22874646653.0,16407161997.0
Loi_ich_cua_co_dong_thieu_so.1,30562962890.0,31888438561.0,40021444210.0,939541652.0,532942612.0,817314016.0,535724875.0,1035810315.0,196742746.0,-3230888.0,0.0,0.0,0.0
Co_dong_cua_cong_ty_me,460465909779.0,180260475000.0,223342661746.0,141985475965.0,40015870985.0,46963561091.0,54935816239.0,55141777899.0,65474696247.0,90225323640.0,37722752350.0,22874646653.0,16407161997.0
Lai_co_ban_tren_co_phieu,2690.0,1115.0,3426.0,2611.0,642.0,1197.0,2775.0,4850.0,0.0,10315.0,5716.0,3445.0,2835.0
Lai_tren_co_phieu_pha_loang,2690.0,0.0,3426.0,0.0,0.0,0.0,0.0,0.0,0.0,0.0,0.0,0.0,0.0
Tt_gt,False,False,False,False,False,False,False,False,False,False,False,False,False
Tien_thu_tu_ban_hang_cung_cap_dich_vu_va_dt_khac,0.0,0.0,0.0,0.0,0.0,0.0,0.0,0.0,0.0,0.0,0.0,0.0,0.0
Tien_chi_tra_cho_nguoi_cung_cap_hh_va_dich_vu,0.0,0.0,0.0,0.0,0.0,0.0,0.0,0.0,0.0,0.0,0.0,0.0,0.0
Tien_chi_tra_cho_nguoi_lao_dong,0.0,0.0,0.0,0.0,0.0,0.0,0.0,0.0,0.0,0.0,0.0,0.0,0.0
Tien_chi_tra_lai_vay,0.0,0.0,0.0,0.0,0.0,0.0,0.0,0.0,0.0,0.0,0.0,0.0,0.0
Tien_chi_nop_thue_thu_nhap_doanh_nghiep,0.0,0.0,0.0,0.0,0.0,0.0,0.0,0.0,0.0,0.0,0.0,0.0,0.0
Tien_thu_tu_hoat_dong_kinh_doanh,0.0,0.0,0.0,0.0,0.0,0.0,0.0,0.0,0.0,0.0,0.0,0.0,0.0
Tien_chi_khac_cho_hoat_dong_kinh_doanh,0.0,0.0,0.0,0.0,0.0,0.0,0.0,0.0,0.0,0.0,0.0,0.0,0.0
Lai_truoc_thue,597393373124.0,253984323184.0,328054307275.0,166596782039.0,50614922554.0,57200304377.0,71086784849.0,66623577625.0,77900481064.0,99746899707.0,38379687448.0,22874646653.0,16407161997.0
Khau_hao_tscd,258634288464.0,244951380881.0,168028491078.0,92958744347.0,83358285094.0,64200062759.0,48746208769.0,46632888212.0,34064170375.0,25694183830.0,12603827706.0,6302616317.0,3327113481.0
Chi_phi_du_phong,-2398047827.0,2750517531.0,0.0,536604972.0,0.0,162105381.0,0.0,0.0,0.0,24284214.0,69026132.0,0.0,0.0
Lai_lo_chenh_lech_ty_gia_chua_thuc_hien,7383267849.0,1909941812.0,2615280443.0,10808822854.0,1211216521.0,2986534493.0,0.0,2457336.0,239182336.0,0.0,1752740795.0,-496911171.0,0.0
Lai_lo_tu_thanh_ly_tai_san_co_dinh,0.0,0.0,0.0,0.0,0.0,0.0,2273454179.0,0.0,0.0,0.0,0.0,0.0,0.0
Lai_lo_tu_hoat_dong_dau_tu,-141724783637.0,-40198487758.0,-36302695230.0,-11793166593.0,-11078921256.0,-4761808398.0,-2595142397.0,-167776939.0,-843923914.0,-610787183.0,0.0,0.0,0.0
Chi_phi_lai_vay,230356969037.0,125980474352.0,80592049351.0,27284472139.0,24065811358.0,17187219661.0,17108189410.0,29362606635.0,34840626592.0,23323421252.0,17140935824.0,13158802089.0,1109101820.0
Thu_lai_va_co_tuc,0.0,0.0,0.0,0.0,0.0,0.0,0.0,0.0,0.0,0.0,0.0,0.0,0.0
Lai_lo_truoc_nhung_thay_doi_von_luu_dong,949645067010.0,589378150002.0,542987432917.0,286392259758.0,148171314271.0,136974418273.0,136619494810.0,142453752869.0,146200536453.0,148178001820.0,69946217905.0,41839153888.0,20843377298.0
Tang_giam_cac_khoan_phai_thu,-421314249089.0,-52240057820.0,-571052443106.0,-193606733582.0,-118649260136.0,-50808261982.0,-41052711630.0,-8593177668.0,48113434203.0,-77349283697.0,6767272177.0,-49546850687.0,-46883744788.0
Tang_giam_hang_ton_kho,171029824182.0,-329364330177.0,-86090443336.0,-236404726287.0,-76664467661.0,62503909157.0,-4448284609.0,-69978728052.0,-44979745874.0,-31928739063.0,-8712871272.0,-4701903772.0,-35275724424.0
Tang_giam_cac_khoan_phai_tra,210732854039.0,10950476407.0,35067814498.0,211621840946.0,-54674388479.0,-37991421956.0,39103395577.0,93835499951.0,-59054407774.0,28774628977.0,11809270591.0,-12625410090.0,13989265483.0
Tang_giam_chi_phi_tra_truoc,-22187621370.0,-29044239788.0,-10902229447.0,-15992562452.0,-11267697290.0,-1541945933.0,-5432359815.0,-3032757523.0,1294711634.0,-212140454.0,-2607466183.0,-3697357856.0,-1118550057.0
Chi_phi_lai_vay_da_tra,-227770875379.0,-124095548599.0,-76736436738.0,-27284472139.0,-24065811358.0,-22686784106.0,-21331321084.0,-32805106635.0,-32928126592.0,-22983421252.0,-17140935824.0,-13158802089.0,-1109101820.0
Thue_thu_nhap_doanh_nghiep_da_tra,-69758757749.0,-46142737521.0,-57458213418.0,-22514289760.0,-3294062793.0,-14191339022.0,-17153528975.0,-10117218120.0,-9425401422.0,-6243765756.0,-1293271535.0,0.0,0.0
Tien_thu_khac_tu_cac_hoat_dong_kinh_doanh,0.0,70000000000.0,156340055694.0,82589244341.0,73798102941.0,34680407297.0,11143176845.0,11576555582.0,22761679266.0,6749852827.0,37554819.0,169644075.0,0.0
Tien_chi_khac_tu_cac_hoat_dong_kinh_doanh,-41365311171.0,-50900934560.0,-12819141106.0,-4631006599.0,-6702806645.0,-7639446655.0,-13923416665.0,-12218287668.0,-15849817110.0,-45782859630.0,-6476160514.0,-4651293756.0,-378527775.0
Luu_chuyen_tien_te_rong_tu_cac_hoat_dong_san_xuat_kinh_doanh,489340910473.0,38540777944.0,-80663604042.0,80169554226.0,-73349077150.0,99299535073.0,83524444454.0,111120532736.0,56132862784.0,-797726228.0,52329610164.0,-46372820287.0,-49933006083.0
Tien_mua_tai_san_co_dinh_va_cac_tai_san_dai_han_khac,-503894953414.0,-1698518453380.0,-695959760341.0,-1077441959310.0,-290399851419.0,-109290786977.0,-207156343660.0,-64806281122.0,-96820874722.0,-151004644128.0,-75873978311.0,-69496546178.0,-56414761858.0
Tien_thu_duoc_tu_thanh_ly_tai_san_co_dinh,8263029637.0,0.0,486363637.0,53621100893.0,5661363636.0,3524270590.0,0.0,329309091.0,93636364.0,299472727.0,722057233.0,83766234.0,0.0
Tien_cho_vay_hoac_mua_cong_cu_no,-1993895717230.0,-1226962062976.0,-349729000000.0,0.0,0.0,-30000000000.0,0.0,-4955781760.0,0.0,-10000000000.0,-24599332300.0,-36736260500.0,0.0
Tien_thu_tu_cho_vay_hoac_thu_tu_phat_hanh_cong_cu_no,1543900258132.0,343706433033.0,183570000000.0,0.0,30000000000.0,1500000000.0,0.0,3455781760.0,10000000000.0,0.0,24599332300.0,45051802278.0,0.0
Dau_tu_vao_cac_doanh_nghiep_khac,-82986680000.0,-88309009946.0,0.0,0.0,0.0,0.0,-33849335255.0,0.0,-79100000000.0,0.0,0.0,0.0,-27411078600.0
Tien_thu_tu_viec_ban_cac_khoan_dau_tu_vao_cac_doanh_nghiep_khac,89040042569.0,18325718550.0,150547322000.0,0.0,0.0,0.0,29100000000.0,50000000000.0,0.0,0.0,0.0,0.0,19239866600.0
Co_tuc_va_tien_lai_nhan_duoc,79721900455.0,23529713725.0,12513190829.0,12131982986.0,10369304107.0,6706659544.0,3264174397.0,167776939.0,1705368316.0,0.0,-527916667.0,-144329778.0,0.0
Luu_chuyen_tien_te_rong_tu_hoat_dong_dau_tu,-859852119851.0,-2628227660994.0,-698571883875.0,-1011688875431.0,-244369183676.0,-127559856843.0,-208641504518.0,-15809195092.0,-164121870042.0,-160705171401.0,-75679837745.0,-61241567944.0,-64585973858.0
Tien_thu_tu_phat_hanh_co_phieu_va_von_gop,0.0,1418241802000.0,406752500000.0,84247500000.0,0.0,217798900000.0,0.0,128453926549.0,380000000.0,122100000000.0,1000000000.0,24000000000.0,60000000000.0
Chi_tra_cho_viec_mua_lai_tra_lai_co_phieu,0.0,0.0,0.0,0.0,0.0,0.0,0.0,0.0,0.0,0.0,0.0,0.0,0.0
Tien_thu_duoc_cac_khoan_di_vay,8003695529793.0,7841445629972.0,4109992694442.0,2598523339565.0,1858860744893.0,1317734346905.0,1077343977855.0,765129585281.0,792975583543.0,449615965660.0,532556338122.0,329242665733.0,100788157154.0
Tien_tra_cac_khoan_di_vay,-7889053617076.0,-6397797068409.0,-3534755293294.0,-1728371348611.0,-1406090290912.0,-1281349175035.0,-905746477602.0,-905325302488.0,-662123959528.0,-461904215501.0,-423229521632.0,-234389395496.0,-37295654035.0
Tien_thanh_toan_von_goc_di_thue_tai_chinh,0.0,0.0,0.0,0.0,0.0,0.0,0.0,0.0,0.0,0.0,0.0,0.0,0.0
Co_tuc_da_tra,-97331913000.0,-136131874500.0,-99782597750.0,-86362442100.0,-1935000000.0,-19761631208.0,-19781367000.0,-13051153273.0,-10527065127.0,-5939725272.0,-12885986626.0,-16673656500.0,0.0
Tien_lai_da_nhan,0.0,0.0,0.0,0.0,0.0,0.0,0.0,0.0,0.0,0.0,0.0,0.0,0.0
Luu_chuyen_tien_te_tu_hoat_dong_tai_chinh,17309999717.0,2725758489063.0,882207303398.0,868037048854.0,450835453981.0,234422440662.0,151816133253.0,-24792943931.0,120704558888.0,103872024887.0,97440829864.0,102179613737.0,123492503119.0
Luu_chuyen_tien_thuan_trong_ky,-353201209661.0,136071606013.0,102971815481.0,-63482272351.0,133117193155.0,206162118892.0,26699073189.0,70518393713.0,12715551630.0,-57630872742.0,74090602283.0,-5434774494.0,8973523178.0
Tien_va_tuong_duong_tien_dau_ky,645474843425.0,509577636533.0,406676809154.0,470061718120.0,336807716067.0,130266723762.0,103421045480.0,32921082097.0,20196093317.0,77821764375.0,3681470777.0,8973523178.0,0.0
Anh_huong_cua_chenh_lech_ty_gia,-598952779.0,-174399121.0,-70988102.0,97363385.0,136808898.0,378873413.0,146605093.0,-18430330.0,9437150.0,5201684.0,49691315.0,142722093.0,0.0
Tien_va_tuong_duong_tien_cuoi_ky,291674680985.0,645474843425.0,509577636533.0,406676809154.0,470061718120.0,336807716067.0,130266723762.0,103421045480.0,32921082097.0,20196093317.0,77821764375.0,3681470777.0,8973523178.0
Tien1,291674680985.0,645474843425.0,509577636533.0,406676809154.0,470061718120.0,336807716067.0,130266723762.0,103421045480.0,32921082097.0,20196093317.0,77821764375.0,,
Tien_mat,11146723332.0,25607452043.0,16595610612.0,712340467.0,5639613726.0,3235977141.0,483599185.0,709046310.0,32921082097.0,273507571.0,40149991386.0,,
Tien_gui_ngan_hang,218980095373.0,192027797335.0,104212469557.0,120437232290.0,236753569124.0,119749064926.0,108340470577.0,12538878880.0,0.0,19922585746.0,37671772989.0,,
Tien_dang_chuyen,3222382830.0,0.0,1554800.0,0.0,0.0,0.0,4442654000.0,0.0,0.0,0.0,0.0,,
Tien_va_tuong_duong_tien.1,58325479450.0,427839594047.0,388768001564.0,285527236397.0,227668535270.0,213822674000.0,17000000000.0,90173120290.0,0.0,0.0,0.0,,
Dau_tu_tai_chinh_nh,1251822102192.0,759286460274.0,50000000000.0,0.0,0.0,30000000000.0,0.0,0.0,0.0,0.0,0.0,,
Chung_khoan_dau_tu_ngan_han,59670020000.0,0.0,0.0,0.0,0.0,0.0,0.0,0.0,0.0,0.0,0.0,,
Dau_tu_nh_khac,0.0,0.0,0.0,0.0,0.0,0.0,0.0,0.0,0.0,0.0,0.0,,
Du_phong_giam_gia_dtnh,0.0,0.0,0.0,0.0,0.0,0.0,0.0,0.0,0.0,0.0,0.0,,
Phai_thu_ngan_han_khac,180282631655.0,95914591448.0,88265512909.0,51025438748.0,91048764635.0,52396579838.0,15159004121.0,3529195463.0,2865973756.0,21006455908.0,1122735144.0,,
Phai_thu_ve_co_phan_hoa,0.0,0.0,0.0,0.0,0.0,0.0,0.0,0.0,0.0,0.0,0.0,,
Phai_thu_ve_co_tuc_va_loi_nhuan_duoc_chia,0.0,0.0,0.0,0.0,0.0,0.0,0.0,0.0,0.0,0.0,0.0,,
Phai_thu_nguoi_lao_dong,0.0,0.0,0.0,0.0,0.0,0.0,0.0,0.0,0.0,0.0,0.0,,
Phai_thu_khac1,180282631655.0,95914591448.0,88265512909.0,51025438748.0,91048764635.0,52396579838.0,15159004121.0,3529195463.0,2865973756.0,21006455908.0,1122735144.0,,
Hang_ton_kho1,1221855436361.0,865499747965.0,536681725193.0,450591281857.0,214186555570.0,137522087909.0,200025997066.0,195577712457.0,125598984405.0,80619238531.0,48690499468.0,,
Hang_mua_dang_di_duong,158476957985.0,128007527602.0,10683200798.0,26925196561.0,0.0,10521145032.0,8366169099.0,229177401.0,0.0,0.0,0.0,,
Nguyen_lieu_vat_lieu,401957045935.0,359104802220.0,345006616947.0,326621163150.0,159052899529.0,64592002376.0,123084009054.0,139484901314.0,125598984405.0,33410991026.0,21557972945.0,,
Cong_cu_dung_cu,34535142945.0,35468266432.0,19505307370.0,12416843576.0,7052472655.0,5894884774.0,5509947850.0,4183399199.0,0.0,5242708687.0,4450204147.0,,
Chi_phi_sx_kd_do_dang,322538058790.0,14093937483.0,15174471739.0,16064918516.0,14092508217.0,1652227753.0,9012772030.0,11809024855.0,0.0,10233688615.0,6192345447.0,,
Thanh_pham,146848010514.0,142565397053.0,91559671054.0,68563160054.0,33988675169.0,53533115793.0,53786297474.0,39871209688.0,0.0,31731465365.0,16489619813.0,,
Hang_hoa,156780119963.0,186259817175.0,54752457285.0,0.0,0.0,0.0,0.0,0.0,0.0,384838.0,0.0,,
Hang_gui_di_ban,720100229.0,0.0,0.0,0.0,0.0,1328712181.0,266801559.0,0.0,0.0,0.0,357116.0,,
Hang_hoa_kho_bao_thue,0.0,0.0,0.0,0.0,0.0,0.0,0.0,0.0,0.0,0.0,0.0,,
Hang_hoa_bat_dong_san,0.0,0.0,0.0,0.0,0.0,0.0,0.0,0.0,0.0,0.0,0.0,,
Tai_san_ngan_han_khac,0.0,0.0,0.0,0.0,0.0,0.0,5865465303.0,31471167601.0,11869722655.0,6644072503.0,6934948197.0,,
Tam_ung,0.0,0.0,0.0,0.0,0.0,0.0,5281384250.0,28668206309.0,0.0,3620505475.0,6448841331.0,,
Tai_san_thieu_cho_xu_ly,0.0,0.0,0.0,0.0,0.0,0.0,1306616.0,42678971.0,0.0,196662380.0,277305023.0,,
Cam_co_ky_quy_ky_cuoc_nh,0.0,0.0,0.0,0.0,0.0,0.0,582774437.0,2760282321.0,0.0,2826904648.0,208801843.0,,
Khac,0.0,0.0,0.0,0.0,0.0,0.0,0.0,0.0,11869722655.0,0.0,0.0,,
Phai_thu_dai_han_khac1,20667470288.0,21384352467.0,0.0,0.0,0.0,0.0,0.0,0.0,0.0,0.0,0.0,,
Ky_quy_ky_cuoc_dai_han,3608177288.0,3613709467.0,0.0,0.0,0.0,0.0,0.0,0.0,0.0,0.0,0.0,,
Cac_khoan_tien_nhan_uy_thac,0.0,0.0,0.0,0.0,0.0,0.0,0.0,0.0,0.0,0.0,0.0,,
Cho_vay_khong_co_lai,0.0,0.0,0.0,0.0,0.0,0.0,0.0,0.0,0.0,0.0,0.0,,
Phai_thu_dai_han_khac2,17059293000.0,17770643000.0,0.0,0.0,0.0,0.0,0.0,0.0,0.0,0.0,0.0,,
Nguyen_gia_tscdhh,2982612885000.0,2858372141820.0,2707435817410.0,1703369654599.0,901299077489.0,851063493212.0,709289929529.0,509875045742.0,496175125362.0,348920879777.0,224354028764.0,,
Nguyen_gia_dau_ky,2858372141820.0,2707435817410.0,1703369654599.0,901299077489.0,851063493212.0,709289929529.0,509875045742.0,496175125362.0,496175125362.0,224354028764.0,224354028764.0,,
Tang_trong_ky,139906973994.0,155253890004.0,1033158690523.0,889008356886.0,64394303971.0,152970479810.0,200638096735.0,14713256911.0,0.0,127264123393.0,0.0,,
Giam_trong_ky,-15666230814.0,-4317565594.0,-29092527712.0,-86937779776.0,-14158719694.0,-11196916127.0,-1223212948.0,-1013336531.0,0.0,-2697272380.0,0.0,,
Hao_mon_tscdhh,983459835172.0,744550604807.0,504461719734.0,364891703937.0,305923655533.0,232760588456.0,175116169898.0,126995555349.0,81016514357.0,47316185041.0,21955302058.0,,
Dau_ky,744550604807.0,504461719734.0,364891703937.0,305923655533.0,232760588456.0,175116169898.0,126995555349.0,81016514357.0,81016514357.0,21955302058.0,21955302058.0,,
Tang_trong_ky1,249896816293.0,241976097695.0,167978862371.0,91947222853.0,82370040284.0,57644418558.0,48860849870.0,46431196527.0,0.0,26378211601.0,0.0,,
Giam_trong_ky1,-10987585928.0,-1887212622.0,-28408846574.0,-32979174449.0,-9206973207.0,0.0,-740235321.0,-452155535.0,0.0,-1017328618.0,0.0,,
Nguyen_gia_tscd_ttc,0.0,0.0,0.0,0.0,0.0,0.0,0.0,0.0,0.0,0.0,0.0,,
Nguyen_gia_dau_ky1,0.0,0.0,0.0,0.0,0.0,0.0,0.0,0.0,0.0,0.0,0.0,,
Tang_trong_ky2,0.0,0.0,0.0,0.0,0.0,0.0,0.0,0.0,0.0,0.0,0.0,,
Giam_trong_ky2,0.0,0.0,0.0,0.0,0.0,0.0,0.0,0.0,0.0,0.0,0.0,,
Hao_mon_tscd_ttc,0.0,0.0,0.0,0.0,0.0,0.0,0.0,0.0,0.0,0.0,0.0,,
Dau_ky1,0.0,0.0,0.0,0.0,0.0,0.0,0.0,0.0,0.0,0.0,0.0,,
Tang_trong_ky3,0.0,0.0,0.0,0.0,0.0,0.0,0.0,0.0,0.0,0.0,0.0,,
Giam_trong_ky3,0.0,0.0,0.0,0.0,0.0,0.0,0.0,0.0,0.0,0.0,0.0,,
Nguyen_gia_tscdvh,94825808865.0,94894558865.0,103445820433.0,100838674433.0,45206131504.0,36153869936.0,36153869936.0,24100217400.0,367186800.0,10260243764.0,8158030564.0,,
Nguyen_gia_dau_ky2,94894558865.0,103445820433.0,100838674433.0,45206131504.0,36153869936.0,36153869936.0,24100217400.0,24085017400.0,367186800.0,8158030564.0,8158030564.0,,
Tang_trong_ky4,143250000.0,394000000.0,21504093000.0,55646428589.0,9052261568.0,0.0,12088352536.0,15200000.0,0.0,2102213200.0,0.0,,
Giam_trong_ky4,-212000000.0,-8945261568.0,-18896947000.0,-13885660.0,0.0,0.0,-34700000.0,0.0,0.0,0.0,0.0,,
Hao_mon_tscdvh,12874940278.0,9908630143.0,6933346957.0,5038565087.0,4049344827.0,3061100017.0,2254838792.0,1629244572.0,122395600.0,611556293.0,278255446.0,,
Dau_ky2,9908630143.0,6933346957.0,5038565087.0,4049344827.0,3061100017.0,2254838792.0,1629244572.0,975397352.0,0.0,278255446.0,278255446.0,,
Tang_trong_ky5,3017097131.0,2975283186.0,1894781870.0,1003105920.0,988244810.0,806261225.0,650073220.0,653847220.0,122395600.0,333300847.0,0.0,,
Giam_trong_ky5,-50786996.0,0.0,0.0,-13885660.0,0.0,0.0,-24479000.0,0.0,0.0,0.0,0.0,,
Dau_tu_dai_han_khac1,0.0,0.0,0.0,0.0,0.0,0.0,1500000000.0,1500000000.0,0.0,10610787183.0,0.0,,
Dau_tu_co_phieu,0.0,0.0,0.0,0.0,0.0,0.0,0.0,0.0,0.0,0.0,0.0,,
Dau_tu_trai_phieu,0.0,0.0,0.0,0.0,0.0,0.0,0.0,0.0,0.0,0.0,0.0,,
Dau_tu_tin_phieu_ky_phieu,0.0,0.0,0.0,0.0,0.0,0.0,0.0,0.0,0.0,0.0,0.0,,
Cho_vay_dai_han,0.0,0.0,0.0,0.0,0.0,0.0,0.0,0.0,0.0,0.0,0.0,,
Dau_tu_dai_han_khac2,0.0,0.0,0.0,0.0,0.0,0.0,1500000000.0,1500000000.0,0.0,10610787183.0,0.0,,
Vay_va_no_nh,2400086574603.0,2492406692801.0,1417686392234.0,800794847498.0,438769898696.0,329022191692.0,334296710948.0,229171132347.0,263748994814.0,146974824132.0,143428258206.0,,
Vay_ngan_han1,2394538574603.0,2492406692801.0,1417686392234.0,800794847498.0,438769898696.0,329022191692.0,334296710948.0,229171132347.0,263748994814.0,146974824132.0,143428258206.0,,
Vay_dai_han_den_han_tra,5548000000.0,0.0,0.0,0.0,0.0,0.0,0.0,0.0,0.0,0.0,0.0,,
Cac_khoan_phai_tra_ve_thue,26948489726.0,14084998080.0,14232960650.0,6947288639.0,5746819042.0,330215456.0,4031283006.0,5489113789.0,6428932701.0,3461789198.0,88650896.0,,
Thue_gtgt,418976337.0,0.0,0.0,867648.0,0.0,0.0,0.0,0.0,6428932701.0,0.0,0.0,,
Thue_ttdb,0.0,0.0,0.0,0.0,0.0,0.0,0.0,0.0,0.0,0.0,0.0,,
Thue_xnk,0.0,0.0,0.0,0.0,0.0,0.0,0.0,0.0,0.0,0.0,0.0,,
Thue_tndn,26065381611.0,13434727146.0,14101563481.0,6890891702.0,5712736437.0,0.0,3993037086.0,5432489086.0,0.0,3408793809.0,0.0,,
Thue_tncn,353816778.0,650270934.0,131397169.0,55529289.0,34082605.0,0.0,28762891.0,56624703.0,0.0,52995389.0,61809146.0,,
Thue_tai_nguyen,0.0,0.0,0.0,0.0,0.0,0.0,0.0,0.0,0.0,0.0,0.0,,
Thue_nha_dat_va_tien_thue_dat,0.0,0.0,0.0,0.0,0.0,0.0,0.0,0.0,0.0,0.0,0.0,,
Cac_loai_thue_khac,110315000.0,0.0,0.0,0.0,0.0,330215456.0,9483029.0,0.0,0.0,0.0,26841750.0,,
Cac_khoan_phi_le_phi_khac,0.0,0.0,0.0,0.0,0.0,0.0,0.0,0.0,0.0,0.0,0.0,,
Chi_phi_phai_tra1,36452750488.0,8985258785.0,6422195946.0,2080000000.0,0.0,0.0,0.0,0.0,3442500000.0,1530000000.0,4320000000.0,,
Trich_truoc_cf_luong_nghi_phep,0.0,0.0,0.0,0.0,0.0,0.0,0.0,0.0,0.0,0.0,0.0,,
Chi_phi_scl_tscd,0.0,0.0,0.0,0.0,0.0,0.0,0.0,0.0,0.0,0.0,0.0,,
Chi_phi_trongthoi_gian_ngung_kd,0.0,0.0,0.0,0.0,0.0,0.0,0.0,0.0,0.0,0.0,0.0,,
Khac1,36452750488.0,8985258785.0,6422195946.0,2080000000.0,0.0,0.0,0.0,0.0,3442500000.0,1530000000.0,4320000000.0,,
Phai_tra_phai_nop_khac,4735482050.0,3292201538.0,2702175863.0,5705003625.0,3856673854.0,3104251244.0,2382861508.0,1437598209.0,12098073752.0,5171672479.0,4136356492.0,,
Tai_san_thua_cho_xl,0.0,0.0,0.0,0.0,0.0,0.0,0.0,0.0,0.0,23365887.0,21363482.0,,
Kinh_phi_cong_doan,856060495.0,424075438.0,214677980.0,478917344.0,123949400.0,71398100.0,71075734.0,33332774.0,0.0,80676262.0,30627165.0,,
Bh_xh,4536106.0,120939470.0,5703615.0,17127176.0,118126149.0,34913034.0,3368104.0,8922784.0,0.0,0.0,45734719.0,,
Bhyt,402253.0,24117247.0,820133.0,2566177.0,2214802.0,3034793.0,1185040.0,1673551.0,0.0,0.0,0.0,,
Phai_tra_ve_cph,0.0,0.0,0.0,0.0,0.0,0.0,0.0,0.0,0.0,0.0,0.0,,
Nhan_ky_quy_ky_cuoc_nh,0.0,0.0,0.0,0.0,0.0,0.0,0.0,0.0,0.0,0.0,0.0,,
Doanh_thu_chua_thuc_hien.1,0.0,0.0,0.0,0.0,0.0,0.0,0.0,0.0,0.0,0.0,0.0,,
Khac2,3874483196.0,2723069383.0,2480974135.0,5206392928.0,3612383503.0,2994905317.0,2307232630.0,1393669100.0,12098073752.0,5067630330.0,4038631126.0,,
Vay_dai_han1,1371510124549.0,1342803889822.0,959926578352.0,982579138038.0,171262661266.0,127650991402.0,83082921652.0,16611000000.0,122228854740.0,108151401407.0,127188734740.0,,
Vay_ngan_hang,790511624554.0,651879153459.0,302299078352.0,314644998038.0,171262661266.0,127650991402.0,83082921652.0,16611000000.0,122228854740.0,54151401407.0,0.0,,
Vay_doi_tuong_khac,0.0,24861600000.0,200690000000.0,92606640000.0,0.0,0.0,0.0,0.0,0.0,0.0,0.0,,
Trai_phieu_phat_hanh,580998499995.0,666063136363.0,456937500000.0,575327500000.0,0.0,0.0,0.0,0.0,0.0,54000000000.0,0.0,,
Thue_tai_chinh,0.0,0.0,0.0,0.0,0.0,0.0,0.0,0.0,0.0,0.0,0.0,,
No_dai_han_khac,0.0,0.0,0.0,0.0,0.0,0.0,0.0,0.0,0.0,0.0,127188734740.0,,
Von_chu_so_huu1,0.0,0.0,0.0,0.0,0.0,396000000000.0,198000000000.0,198000000000.0,99000000000.0,99000000000.0,66000000000.0,,
Von_gop_cua_nha_nuoc,0.0,0.0,0.0,0.0,0.0,0.0,0.0,0.0,0.0,0.0,0.0,,
Von_dau_tu_cua_doi_tuong_khac,0.0,0.0,0.0,0.0,0.0,396000000000.0,198000000000.0,198000000000.0,99000000000.0,99000000000.0,66000000000.0,,
Doanh_thu,9278251727409.0,8018827145835.0,4076763652003.0,2145496749447.0,1616048818116.0,1564763399903.0,1158676596112.0,1013465197675.0,911265076657.0,679983394896.0,385587576799.0,,
Doanh_thu_ban_hang,8500929259095.0,7948543106433.0,4059788636006.0,2144750334447.0,1613590405718.0,1564763399903.0,1158676596112.0,1013465197675.0,911265076657.0,679983394896.0,385557347253.0,,
Doanh_thu_cung_cap_dich_vu,777322468314.0,70284039402.0,16975015997.0,746415000.0,2458412398.0,0.0,0.0,0.0,0.0,0.0,30229546.0,,
Doanh_thu_hop_dong_xay_dung,0.0,0.0,0.0,0.0,0.0,0.0,0.0,0.0,0.0,0.0,0.0,,
Giam_tru_doanh_thu,20178446735.0,7254532446.0,7155348862.0,1726940597.0,1499870215.0,4119790812.0,1168813243.0,3431965223.0,630946150.0,668692850.0,1054094167.0,,
Chiet_khau_thuong_mai,85151317.0,22943250.0,0.0,0.0,0.0,0.0,1168813243.0,0.0,630946150.0,0.0,0.0,,
Giam_gia_hang_ban,6720117897.0,3218913580.0,1282946569.0,722995006.0,1198534899.0,0.0,0.0,612192078.0,0.0,427201590.0,275337234.0,,
Hang_ban_bi_tra_lai,13373177521.0,4012675616.0,5872402293.0,1003945591.0,301335316.0,4119790812.0,0.0,2819773145.0,0.0,241491260.0,778756933.0,,
Thue_gtgt_phai_nop,0.0,0.0,0.0,0.0,0.0,0.0,0.0,0.0,0.0,0.0,0.0,,
Thue_tieu_thu_dac_biet,0.0,0.0,0.0,0.0,0.0,0.0,0.0,0.0,0.0,0.0,0.0,,
Thue_xuat_khau,0.0,0.0,0.0,0.0,0.0,0.0,0.0,0.0,0.0,0.0,0.0,,
Gia_von,8215933902107.0,7338636540198.0,3519223197973.0,1836734397150.0,1424741156735.0,1377898703125.0,978972604135.0,823693715047.0,712891199048.0,492624807172.0,300935924759.0,,
Gia_von_hang_hoa_da_ban,4412525529105.0,4042492218048.0,991926189615.0,308413066006.0,128999091382.0,100037026680.0,73902893169.0,69726447907.0,712891199048.0,53601498930.0,53202813220.0,,
Gia_von_thanh_pham_da_ban,3352197555399.0,3257298390426.0,2513996432418.0,1528321331144.0,1294778621643.0,1277861676445.0,905069710966.0,753967267140.0,0.0,439023308242.0,247733111539.0,,
Gia_von_cua_dich_vu_cung_cap,451210817603.0,38845931724.0,13300575940.0,0.0,963443710.0,0.0,0.0,0.0,0.0,0.0,0.0,,
Gia_tri_con_lai_chi_phi_nhuong_ban_thanh_ly_bds_dau_tu_da_ban,0.0,0.0,0.0,0.0,0.0,0.0,0.0,0.0,0.0,0.0,0.0,,
Chi_phi_kinh_doanh_bds_dau_tu,0.0,0.0,0.0,0.0,0.0,0.0,0.0,0.0,0.0,0.0,0.0,,
Hao_hut_mat_mat_hang_ton_kho,0.0,0.0,0.0,0.0,0.0,0.0,0.0,0.0,0.0,0.0,0.0,,
Cac_khoan_chi_phi_vuot_muc_binh_thuong,0.0,0.0,0.0,0.0,0.0,0.0,0.0,0.0,0.0,0.0,0.0,,
Du_phong,0.0,0.0,0.0,0.0,0.0,0.0,0.0,0.0,0.0,0.0,0.0,,
Doanh_thu_tai_chinh,179675456151.0,61517601742.0,55775260107.0,30198848862.0,22394967435.0,8331971297.0,6609884884.0,1060162912.0,9865112348.0,11076624257.0,3464947320.0,,
Lai_tien_gui_tien_cho_vay,119051051841.0,38379228694.0,12211357731.0,5365908986.0,5536394107.0,1716999514.0,2321392397.0,96026939.0,0.0,731407727.0,698820225.0,,
Lai_dau_tu_trai_phieu_ky_phieu_tin_phieu,0.0,0.0,0.0,0.0,0.0,0.0,0.0,71750000.0,0.0,0.0,0.0,,
Co_tuc_loi_nhuan_duoc_chia,0.0,0.0,24288655000.0,6766074000.0,4832910000.0,0.0,0.0,0.0,0.0,0.0,0.0,,
Lai_ban_ngoai_te,0.0,0.0,0.0,0.0,0.0,0.0,0.0,0.0,0.0,0.0,0.0,,
Lai_chenh_lech_ty_gia_da_thuc_hien,38031364608.0,21560400642.0,19275247376.0,18066865876.0,12025663328.0,6412487243.0,4012200204.0,892385973.0,0.0,10345216530.0,2759283407.0,,
Lai_chenh_lech_ty_gia_chua_thuc_hien,0.0,0.0,0.0,0.0,0.0,45734510.0,2542283.0,0.0,0.0,0.0,0.0,,
Lai_ban_hanh_tra_cham,0.0,0.0,0.0,0.0,0.0,0.0,0.0,0.0,0.0,0.0,0.0,,
Doanh_thu_hoat_dong_tai_chinh_khac,1000000.0,63884474.0,0.0,0.0,0.0,156750030.0,273750000.0,0.0,9865112348.0,0.0,6843688.0,,
Chi_phi_tai_chinh1,267714576028.0,208587237486.0,95052847758.0,53927481929.0,49991756319.0,25896787122.0,21635143514.0,30264145218.0,52284164066.0,34300289130.0,21006638482.0,,
Lai_tien_vay,225421605405.0,125980474352.0,80592049351.0,27284472139.0,24065811358.0,17187219661.0,17108189410.0,29362606635.0,0.0,23323421252.0,17140935824.0,,
Chiet_khau_thanh_toan_lai_ban_hang_tra_cham,0.0,0.0,0.0,0.0,0.0,0.0,0.0,0.0,0.0,0.0,0.0,,
Lo_do_thanh_ly_cac_khoan_dau_tu_ngan_han_dai_han,0.0,0.0,0.0,0.0,0.0,0.0,0.0,0.0,0.0,0.0,0.0,,
Lo_ban_ngoai_te,0.0,0.0,0.0,0.0,0.0,0.0,0.0,0.0,0.0,0.0,0.0,,
Lo_chenh_lech_ty_gia_da_thuc_hien,33036465399.0,47545812329.0,11686705831.0,15834186936.0,24714728440.0,5677298458.0,2249416114.0,901538583.0,0.0,10976867878.0,3865702658.0,,
Lo_chenh_lech_ty_gia_chua_thuc_hien,0.0,0.0,2615280443.0,10808822854.0,1211216521.0,3032269003.0,2275996462.0,0.0,0.0,0.0,0.0,,
Du_phong_giam_gia_cac_khoan_dau_tu_ngan_han_dai_han,0.0,0.0,0.0,0.0,0.0,0.0,0.0,0.0,0.0,0.0,0.0,,
Chi_phi_tai_chinh_khac,9256505224.0,35060950805.0,158812133.0,0.0,0.0,0.0,1541528.0,0.0,52284164066.0,0.0,0.0,,
Chi_phi_san_xuat_theo_yeu_to,4237295639754.0,4303018729044.0,2711453438761.0,2167571518676.0,1564861037549.0,1582074525736.0,0.0,1152675784134.0,0.0,0.0,0.0,,
Chi_phi_nguyen_lieu_vat_lieu,3059155241795.0,3425686168227.0,2124941552365.0,1778688656593.0,1288906687583.0,1334699270758.0,0.0,976123415209.0,0.0,0.0,0.0,,
Chi_phi_nhan_cong,345088176730.0,235972514065.0,181947042865.0,120200514862.0,79885086895.0,85920550769.0,0.0,59732454944.0,0.0,0.0,0.0,,
Chi_phi_khau_hao_tai_san_co_dinh,258634288464.0,244490805883.0,166132147265.0,91930214649.0,83366700668.0,64178474174.0,0.0,47085597643.0,0.0,0.0,0.0,,
Chi_phi_dich_vu_mua_ngoai,458039973169.0,361415553980.0,201582975547.0,130868354297.0,99291995820.0,85341139657.0,0.0,54347914619.0,0.0,0.0,0.0,,
Chi_phi_khac_bang_tien,116377959596.0,35453686889.0,36849720719.0,45883778275.0,13410566583.0,11935090378.0,0.0,15386401719.0,0.0,0.0,0.0,,
Khau_hao,-1002055150490.0,-754459234950.0,-511395066691.0,-369930269024.0,-309973000360.0,-235821688473.0,-177371008690.0,-128624799921.0,-81991911709.0,-47927741334.0,-22233557504.0,-9629729798.0,-3327113481.0
Dau_tu_nam_giu_den_ngay_dao_han,1192152082192.0,720906460274.0,50000000000.0,0.0,0.0,30000000000.0,0.0,0.0,0.0,0.0,0.0,0.0,0.0
Phai_thu_ve_cho_vay_ngan_han,536662966849.0,293698169669.0,129729000000.0,0.0,0.0,0.0,0.0,0.0,0.0,0.0,0.0,0.0,0.0
Tai_san_thieu_cho_xu_ly1,0.0,0.0,0.0,0.0,0.0,414721.0,0.0,0.0,0.0,0.0,0.0,0.0,0.0
Giao_dich_mua_ban_lai_trai_phieu_chinh_phu,0.0,0.0,0.0,0.0,0.0,0.0,0.0,0.0,0.0,0.0,0.0,0.0,0.0
Tra_truoc_nguoi_ban_dai_han,0.0,0.0,0.0,0.0,0.0,0.0,0.0,0.0,0.0,0.0,0.0,0.0,0.0
Von_kinh_doanh_o_cac_don_vi_truc_thuoc,0.0,0.0,0.0,0.0,0.0,0.0,0.0,0.0,0.0,0.0,0.0,0.0,0.0
Phai_thu_ve_cho_vay_dai_han,75700000000.0,0.0,0.0,0.0,0.0,0.0,0.0,0.0,0.0,0.0,0.0,0.0,0.0
Tai_san_do_dang_dai_han,293779658961.0,1208008703897.0,98121103897.0,214999542284.0,191159377412.0,28573163310.0,0.0,0.0,0.0,0.0,0.0,0.0,0.0
Chi_phi_san_xuat_kinh_doanh_do_dang_dai_han,0.0,0.0,0.0,0.0,0.0,0.0,0.0,0.0,0.0,0.0,0.0,0.0,0.0
Xay_dung_co_ban_do_dang1,293779658961.0,1208008703897.0,98121103897.0,214999542284.0,191159377412.0,28573163310.0,0.0,0.0,0.0,0.0,0.0,0.0,0.0
Dau_tu_nam_giu_den_ngay_dao_han1,108380000000.0,48380000000.0,0.0,0.0,0.0,0.0,0.0,0.0,0.0,0.0,0.0,0.0,0.0
Thiet_bi_vat_tu_phu_tung_thay_the_dai_han,0.0,0.0,0.0,0.0,0.0,0.0,0.0,0.0,0.0,0.0,0.0,0.0,0.0
Doanh_thu_chua_thuc_hien_ngan_han,41875937911.0,453141818.0,0.0,0.0,0.0,0.0,0.0,0.0,0.0,0.0,0.0,0.0,0.0
Quy_binh_on_gia,0.0,0.0,0.0,0.0,0.0,0.0,0.0,0.0,0.0,0.0,0.0,0.0,0.0
Giao_dich_mua_ban_lai_trai_phieu_chinh_phu1,0.0,0.0,0.0,0.0,0.0,0.0,0.0,0.0,0.0,0.0,0.0,0.0,0.0
Nguoi_mua_tra_tien_truoc_dai_han,0.0,0.0,0.0,0.0,0.0,0.0,0.0,0.0,0.0,0.0,0.0,0.0,0.0
Chi_phi_phai_tra_dai_han,0.0,0.0,0.0,0.0,0.0,0.0,0.0,0.0,0.0,0.0,0.0,0.0,0.0
Phai_tra_noi_bo_ve_von_kinh_doanh,0.0,0.0,0.0,0.0,0.0,0.0,0.0,0.0,0.0,0.0,0.0,0.0,0.0
Trai_phieu_chuyen_doi,0.0,0.0,0.0,0.0,296937500000.0,0.0,0.0,0.0,0.0,0.0,0.0,0.0,0.0
Co_phieu_uu_dai,0.0,0.0,0.0,0.0,0.0,0.0,0.0,0.0,0.0,0.0,0.0,0.0,0.0
Co_phieu_pho_thong,1711999760000.0,1711999760000.0,835999880000.0,569649880000.0,494999880000.0,396000000000.0,198000000000.0,198000000000.0,99000000000.0,99000000000.0,66000000000.0,66000000000.0,60000000000.0
Co_phieu_uu_dai1,0.0,0.0,0.0,0.0,0.0,0.0,0.0,0.0,0.0,0.0,0.0,0.0,0.0
Quyen_chon_chuyen_doi_trai_phieu,0.0,0.0,0.0,0.0,0.0,0.0,0.0,0.0,0.0,0.0,0.0,0.0,0.0
Lnst_chua_phan_phoi_luy_ke_den_cuoi_ky_truoc,142219983017.0,85599659664.0,90051907554.0,71776592221.0,76423259683.0,141029220582.0,0.0,0.0,0.0,0.0,0.0,0.0,0.0
Lnst_chua_phan_phoi_ky_nay,460465909779.0,180260475000.0,193717667746.0,90085487965.0,40015870985.0,46963561091.0,177582189742.0,160188377676.0,126817335997.0,111135102677.0,37722752350.0,19091445525.0,16145604822.0
Loi_the_thuong_mai1,0.0,0.0,0.0,0.0,0.0,0.0,0.0,0.0,0.0,0.0,0.0,0.0,0.0
Loi_ich_co_dong_khong_kiem_soat,328341365740.0,399364492474.0,248117181134.0,10861333472.0,9921791820.0,9388849208.0,0.0,0.0,0.0,0.0,0.0,0.0,0.0
Nguon_kinh_phi_da_hinh_thanh_tscd,0.0,0.0,0.0,0.0,0.0,0.0,0.0,0.0,0.0,0.0,0.0,0.0,0.0
Du_phong_nghiep_vu_bao_hiem_tu_2014,0.0,0.0,0.0,0.0,0.0,0.0,0.0,0.0,0.0,0.0,0.0,0.0,0.0
Lai_lo_tu_cong_ty_lien_doanh,-56550198.0,0.0,0.0,1751339799.0,3381873750.0,6282567272.0,0.0,0.0,0.0,0.0,0.0,0.0,0.0
Cac_khoan_dieu_chinh_khac,0.0,0.0,0.0,0.0,0.0,0.0,0.0,0.0,0.0,0.0,0.0,0.0,0.0
Tang_giam_chung_khoan_kinh_doanh,-59670020000.0,0.0,0.0,0.0,0.0,0.0,0.0,0.0,0.0,0.0,0.0,0.0,0.0
Dau_tu_nam_giu_den_ngay_dao_han2,1192152082192.0,759286460274.0,50000000000.0,0.0,0.0,30000000000.0,0.0,0.0,0.0,0.0,0.0,,
Ngan_han,1192152082192.0,710906460274.0,50000000000.0,0.0,0.0,30000000000.0,0.0,0.0,0.0,0.0,0.0,,
Dai_han,0.0,48380000000.0,0.0,0.0,0.0,0.0,0.0,0.0,0.0,0.0,0.0,,
Gia_goc_loi_the_thuong_mai,0.0,0.0,0.0,0.0,0.0,0.0,0.0,0.0,0.0,0.0,0.0,,
So_du_dau_ky,0.0,0.0,0.0,0.0,0.0,0.0,0.0,0.0,0.0,0.0,0.0,,
Tang_trong_ky6,0.0,0.0,0.0,0.0,0.0,0.0,0.0,0.0,0.0,0.0,0.0,,
Giam_trong_ky6,0.0,0.0,0.0,0.0,0.0,0.0,0.0,0.0,0.0,0.0,0.0,,
Phan_bo_luy_ke,0.0,0.0,0.0,0.0,0.0,0.0,0.0,0.0,0.0,0.0,0.0,,
So_du_dau_ky.1,0.0,0.0,0.0,0.0,0.0,0.0,0.0,0.0,0.0,0.0,0.0,,
Tang_trong_ky7,0.0,0.0,0.0,0.0,0.0,0.0,0.0,0.0,0.0,0.0,0.0,,
Giam_trong_ky7,0.0,0.0,0.0,0.0,0.0,0.0,0.0,0.0,0.0,0.0,0.0,,
Lai_tu_ban_thanh_ly_cac_khoan_dau_tu,22592039702.0,1514087932.0,0.0,0.0,0.0,0.0,0.0,0.0,0.0,0.0,0.0,,
Gia,14500.0,32850.0,24600.0,29900.0,,,,,,,,,
Nn_mua,6292050.0,14114200.0,7287110.0,54790.0,,,,,,,,,
Nn_ban,19098664.0,20818980.0,6404510.0,15750.0,,,,,,,,,
Gt_nn_mua,104613340000.0,329028740000.0,207776750000.0,1490800000.0,,,,,,,,,
Gt_nn_ban,336467650000.0,362502070000.0,202793180000.0,454880000.0,,,,,,,,,
So_co_phieu,171199976.0,171199976.0,83599988.0,56964988.0,49499988.0,39600000.0,19800000.0,19800000.0,9900000.0,9900000.0,6600000.0,6600000.0,6000000.0
So_co_phieu_trung_binh,171199976.0,127399982.0,70282488.0,53232488.0,44549994.0,29700000.0,19800000.0,14850000.0,9900000.0,8250000.0,6600000.0,6300000.0,6000000.0
EPS,2689.6377005274812,1414.9175860951066,3177.7853644851048,2667.271083872691,898.2239365733698,1581.2646831986533,2774.536173686869,3713.2510369696975,6613.605681515151,10936.402865454544,5715.5685378787875,3630.8962941269842,2734.5269995000003
PE,5.391060661127824,23.216899926065327,7.741240259625252,11.209959190419932,,,,,,,,,
EBIT,710353272707.0,505120189216.0,405102854498.0,256079175139.0,155675870851.0,156138257035.0,145811745589.0,146530921359.0,150673262796.0,153841666667.0,65799686951.0,38819622235.0,21536076298.0
Bien_ebit,7.672798120855718,6.304881870156669,9.954345094719166,11.94527388536975,9.642065733181203,10.004734977638043,12.597042347965115,14.50753466826782,16.545971400403356,22.646597549508442,17.111562431605087,15.632056941594731,19.84209890731996
Bien_lai_gop,11.256547091093353,8.399550321323732,13.524277133580705,14.322219224866569,11.756087755206199,11.709586026013982,15.42410179666201,18.448850138587442,21.71486053887588,27.48209251348696,21.739994473511988,20.93090148709791,20.863961372246877
EBITDA,968987561171.0,750071570097.0,573131345576.0,349037919486.0,239034155945.0,220338319794.0,194557954358.0,193163809571.0,184737433171.0,179535850497.0,78403514657.0,45122238552.0,24863189779.0
Ty_le_khau_hao,11.455210332592928,10.384695322841916,7.086811793246572,6.494087001620112,12.281441783155653,9.406561702252088,8.362418755836877,10.857169789484882,7.582912485060487,7.850373317065537,5.862175796222327,5.8052921002713225,7.101360676806093
Bien_lai_rong,5.3037911645613205,2.648030839868506,6.4714853700473,6.666994610474081,2.511463876627316,3.0616134797636514,4.792325540698152,5.5619544396198615,7.2116162565131505,13.281339632465453,9.8100046039686,9.211263747851753,15.116613009173285
BV,2926896827430.0,2580885656217.0,1376853107488.0,943890768852.0,809563476425.0,776936974055.0,543446500724.0,518556655257.0,350355248453.0,322538785978.0,121607680330.0,102394201148.0,76028634222.0
BVPS,17096.362369992392,15075.268796865952,16469.537142612986,16569.665016904768,16354.821670360809,19619.620556944443,27446.792965858585,26189.730063484847,35389.41903565657,32579.67535131313,18425.406110606058,15514.272901212122,12671.439037
PB,0.8481336372145729,2.179065623481904,1.4936667489185471,1.8045023824860251,,,,,,,,,
PS,1.566200607881166e-09,4.100318574795271e-09,6.044807796616018e-09,1.3947392988074359e-08,,,,,,,,,
Von_hoa,2482399652000.0,5623919211600.0,2056559704800.0,1703253141200.0,,,,,,,,,
EV,6922940936376.0,9527360941887.0,4498168908444.0,3419440208459.0,,,,,,,,,
NCAV,-2944970882026.0,-2560628562300.0,-1481226071869.0,-733607929221.0,-197017530409.0,-170866204181.0,-385201523305.0,-253869278826.0,-309473397134.0,-192999468699.0,-109132867665.0,-144802867799.0,-42055196684.0
Chi_phi_hoat_dong,3.9278383945404074,3.4972050519988946,4.547043926467747,5.574520411130661,7.2366007254159905,7.363297356718898,8.61252854187352,9.218945113018851,8.635127170471845,9.503688840614595,7.3435780709437894,5.9141488693309245,4.991689329992856
ROA,5.764864506761513,2.394162350843365,4.880572398627748,4.6134890430114135,2.0470940279687806,3.3034528057887584,4.774664228608746,6.123504517057322,8.01778778085442,13.988888094731024,8.635156469831756,8.430518041137402,10.687980550615091
ROE,14.145382993635602,6.048501501767388,13.744415101607675,14.871449418062294,4.883049462340856,5.972531958332016,10.108780931667132,10.633703634884675,18.6880877441125,27.973480264216708,31.020041043159328,22.33978721113036,21.58024034614625
Vong_quay_tai_san,1.2296278754362882,1.7507206129286943,1.3223249200867149,1.0966894547120174,1.135686078338928,1.3564100297546229,1.2854145091059657,1.2368491300609268,1.4118828764452973,1.555026709079553,1.4172094161399031,1.6176976893397563,
IC,7026834892322.0,6815460731314.0,4002583259208.0,2738126087860.0,1429517828207.0,1242999006357.0,960826133324.0,764338787604.0,736333098007.0,577665011517.0,392224673276.0,,
Working_IC,5359778659343.0,5400699427615.0,3443005622675.0,2287110611706.0,916868782886.0,836985836839.0,791303613383.0,630317742124.0,624312015910.0,546858131017.0,314402908901.0,,
ROIC,13.203005795215885,11.423270820173638,14.139428867685492,15.985070039541222,17.75242589666977,19.17819427175091,20.513443333439294,23.358432305736688,25.73037968758805,35.724747675024794,20.92845997545117,,
No_chiem_dung,960619266209.0,713705991089.0,573573869591.0,339489890877.0,525246849833.0,178651728556.0,189743071309.0,136155002274.0,80284877382.0,67313510214.0,44626152552.0,,
Chi_so_tien_mat,0.4768816211501112,0.4261812957308589,0.2810812709316118,0.35664496372506754,0.7046564844530087,0.7225262150315177,0.2527153214639583,0.28945940722264124,0.09614957043390134,0.09473036458181204,0.41626015641243697,0.02479366384567004,0.3359820748857805
Chi_so_thanh_toan_nhanh,1.1584549747708217,0.9743508876257208,0.8067268595702736,0.7989716572470565,1.2852662630049227,1.0968794693372743,0.5722932749660841,0.664516677391627,0.4938252444453883,0.9569184322311988,0.9314332273925297,0.697555636771657,1.273816340597739
Chi_so_thanh_toan_hien_hanh,1.535961690465798,1.2443046721541655,1.076307292301027,1.1941284691317178,1.6063473879871653,1.3677661200476754,0.9603404499456146,1.211908249880722,0.8606506228425187,1.3350653212595436,1.1918734151359516,0.9667936492071432,1.965107921483919
Dau_tu_tscd_rong,-495631923777.0,-1698518453380.0,-695473396704.0,-1023820858417.0,-284738487783.0,-105766516387.0,-207156343660.0,-64476972031.0,-96727238358.0,-150705171401.0,-75151921078.0,-69412779944.0,-56414761858.0
Dau_tu_tai_chinh_rong,-532982139098.0,-971564639889.0,-166159000000.0,0.0,30000000000.0,-28500000000.0,-33849335255.0,-1500000000.0,-69100000000.0,-10000000000.0,0.0,8315541778.0,-27411078600.0
Dau_tu_khac,168761943024.0,41855432275.0,163060512829.0,12131982986.0,10369304107.0,6706659544.0,32364174397.0,50167776939.0,1705368316.0,0.0,-527916667.0,-144329778.0,19239866600.0
Dong_tien_tu_do,-6291013304.0,-1659977675436.0,-776137000746.0,-943651304191.0,-358087564933.0,-6466981314.0,-123631899206.0,46643560705.0,-40594375574.0,-151502897629.0,-22822310914.0,-115785600231.0,-106347767941.0
Ty_le_co_tuc_tien_mat,0.056852760890573964,0.10685391972818332,0.14197362755570064,0.16223634352765928,0.004343434928408744,0.06653747881481481,0.09990589393939392,0.08788655402693603,0.1063339911818182,0.07199666996363636,0.1952422216060606,0.26466121428571426,0.0
Ty_le_co_tuc_so_voi_dong_tien_tu_do,-15.471579584502495,-0.08200825620395431,-0.1285631243634718,-0.0915194433753676,-0.0054037062146015825,-3.055773667571788,-0.1600021283102637,0.279806109905348,-0.25932324313771205,-0.03920535755392077,-0.5646223414691668,-0.1440045780022295,-0.0
Ty_le_tien_va_dau_tu_tai_chinh_tren_tts,0.1932401429219432,0.1814784230548832,0.12228112383017313,0.1321402059138298,0.2404697217013972,0.25801535289850736,0.11321937284385385,0.11484926008652607,0.04031393269456,0.031312815290030924,0.17814265139020372,0.013568168406810415,0.11168451689659413
So_ngay_phai_thu,72.0,58.0,63.0,69.0,61.0,38.0,37.0,36.0,54.0,65.0,82.0,96.0,142.0
So_ngay_phai_tra,24.0,26.0,36.0,42.0,40.0,37.0,41.0,26.0,18.0,21.0,16.0,14.0,42.0
So_ngay_ton_kho,41.0,32.0,44.0,56.0,39.0,39.0,62.0,57.0,41.0,34.0,42.0,55.0,117.0
Chu_ky_tien_mat,89.0,64.0,71.0,83.0,60.0,40.0,58.0,67.0,77.0,78.0,108.0,137.0,217.0
Tong_no_vay,3771596699152.0,3835210582623.0,2377612970586.0,1783373985536.0,610032559962.0,456673183094.0,417379632600.0,245782132347.0,385977849554.0,255126225539.0,270616992946.0,,
No_vay_rong,2228099915975.0,2468829278924.0,1818035334053.0,1376697176382.0,139970841842.0,89865467027.0,287112908838.0,142361086867.0,353056767457.0,234930132222.0,192795228571.0,,
VCSH,2926896827430.0,2580885656217.0,1376853107488.0,943890768852.0,809563476425.0,776936974055.0,543446500724.0,518556655257.0,350355248453.0,322538785978.0,121607680330.0,102394201148.0,76028634222.0
Ty_le_no,1.2885991278564128,1.4860056172517768,1.7268457743642938,1.8893859802284276,0.7535327095731633,0.5877866523851029,0.7680234062487311,0.4739735376170012,1.1016756599431357,0.7909939412880467,2.2253281389106485,,
F_score,6.0,5.0,4.0,4.0,2.0,4.0,3.0,4.0,2.0,6.0,7.0,2.0,0.0
EPS_cong_don,,,,,,,,,,,,,
EBIT_cong_don,,,,,,,,,,,,,
