,2019A,2018A,2017A,2016A,2015A,2014A,2013A,2012A,2011A,2010A,2009A,2008A,2007A,2006A,2005A
Ticker,HPG,HPG,HPG,HPG,HPG,HPG,HPG,HPG,HPG,HPG,HPG,HPG,HPG,HPG,HPG
San,HOSE,HOSE,HOSE,HOSE,HOSE,HOSE,HOSE,HOSE,HOSE,HOSE,HOSE,HOSE,HOSE,HOSE,HOSE
Yearreport,2019A,2018A,2017A,2016A,2015A,2014A,2013A,2012A,2011A,2010A,2009A,2008A,2007A,2006A,2005A
Kiemtoan,True,True,True,True,True,True,True,True,True,True,True,True,True,True,True
Tai_san_ngan_han,30436936909894.0,25308725187618.0,33068060366641.0,18182786709294.0,11915177133485.0,11745859365753.0,12402515338144.0,10220788345768.0,9485630335670.0,7866093787663.0,5407840665885.0,3849009101068.0,3135512550218.0,315403954249.0,278655978138.0
Tien_va_tuong_duong_tien,4544900252204.0,2515617135457.0,4264641954689.0,4558660713745.0,2372761840865.0,2026280467705.0,2125322390697.0,1294493700487.0,1064384090542.0,1047177227261.0,1480490925374.0,510218287249.0,399322647501.0,9217790040.0,2464334512.0
Tien,1678314252204.0,1822302135457.0,764396954689.0,556922713967.0,349396206420.0,491949294021.0,282763115669.0,171268004046.0,251182025315.0,136131658520.0,915772994337.0,253418287249.0,193322647501.0,9217790040.0,2464334512.0
Cac_khoan_tuong_duong_tien,2866586000000.0,693315000000.0,3500245000000.0,4001737999778.0,2023365634445.0,1534331173684.0,1842559275028.0,1123225696441.0,813202065227.0,911045568741.0,564717931037.0,256800000000.0,206000000000.0,0.0,0.0
Gia_tri_thuan_dau_tu_ngan_han,1374340352910.0,3724562710535.0,9936707080033.0,693498769815.0,758094875121.0,506641791271.0,387793671402.0,219951513600.0,0.0,290230500000.0,146137615408.0,734385999000.0,266000000000.0,0.0,0.0
Dau_tu_ngan_han,0.0,0.0,0.0,0.0,0.0,506641791271.0,387793671402.0,219951513600.0,0.0,290230500000.0,146137615408.0,734385999000.0,266000000000.0,0.0,0.0
Du_phong_dau_tu_ngan_han,0.0,0.0,0.0,0.0,0.0,0.0,0.0,0.0,0.0,0.0,0.0,0.0,0.0,0.0,0.0
Cac_khoan_phai_thu,3561397190688.0,3210278608751.0,6555418799648.0,2394830525734.0,1608216522801.0,1719569645827.0,1629428547084.0,1646343637635.0,1897393185237.0,1832703218064.0,883023387201.0,720175258324.0,784381315064.0,116233640907.0,66489317756.0
Phai_thu_khach_hang,2699937350329.0,2281760501157.0,1999843596977.0,1546607430306.0,1210987095176.0,1247341501375.0,1258518278675.0,1150508510152.0,1525539693581.0,1503995277666.0,736028795343.0,472868078061.0,570094149172.0,107735490930.0,63873412689.0
Tra_truoc_nguoi_ban,757832561191.0,810319171039.0,4007002903693.0,705742217537.0,390265827195.0,457068881547.0,350774484077.0,381695830668.0,339013436605.0,278580818965.0,104794095889.0,197654672523.0,217069003458.0,8332481650.0,2542318075.0
Phai_thu_noi_bo,0.0,0.0,0.0,0.0,0.0,0.0,0.0,0.0,0.0,0.0,0.0,0.0,0.0,0.0,0.0
Phai_thu_ve_xdcb,0.0,0.0,0.0,0.0,0.0,0.0,0.0,0.0,0.0,0.0,0.0,0.0,0.0,0.0,0.0
Phai_thu_khac,139273246353.0,150952350749.0,583180931761.0,182962827055.0,47234353011.0,55961139232.0,34778986769.0,292729021071.0,45922451245.0,58870287474.0,49425229789.0,58930709844.0,4784002625.0,165668327.0,73586992.0
Du_phong_no_kho_doi,-37145790132.0,-37693842866.0,-35984891839.0,-41339337971.0,-41276739619.0,-40801876327.0,-14643202437.0,-178589724256.0,-13082396194.0,-8743166041.0,-7224733820.0,-9278202104.0,-7565840191.0,0.0,0.0
Hang_ton_kho_rong,19411922748095.0,14115139048908.0,11748873281675.0,10247175680697.0,6937441787064.0,7386389048165.0,8029575289191.0,6822077238740.0,6347046845992.0,4540810505212.0,2556676319108.0,1820239669743.0,1580078042688.0,186629407290.0,208898334820.0
Hang_ton_kho,19480666530260.0,14188336169734.0,11893184186263.0,10391475894874.0,7208055393649.0,7601110304518.0,8064854889451.0,6847996509051.0,6423900938591.0,4549531050816.0,2564854388112.0,1999879190602.0,1581360954945.0,186629407290.0,208898334820.0
Du_phong_giam_gia_htk,-68743782165.0,-73197120826.0,-144310904588.0,-144300214177.0,-270613606585.0,-214721256353.0,-35279600260.0,-25919270311.0,-76854092599.0,-8720545604.0,-8178069004.0,-179639520859.0,-1282912257.0,0.0,0.0
Tai_san_luu_dong_khac,1544376365997.0,1743127683967.0,562419250596.0,288621019303.0,238662107634.0,106978412785.0,230395439770.0,237922255306.0,176806213899.0,155172337126.0,341512418794.0,63989886752.0,105730544965.0,3323116012.0,803991050.0
Tra_truoc_ngan_han,118551289085.0,122420331320.0,118434339660.0,24180135532.0,18548607805.0,10020994351.0,42122793350.0,37412808587.0,59828574679.0,31937003359.0,11276991645.0,5502046195.0,9230945908.0,2143856653.0,0.0
Thue_vat_phai_thu,1400159900793.0,1601957215751.0,421916425069.0,255637124321.0,212136927444.0,80592280678.0,127795589569.0,141403013965.0,76064998076.0,87040305417.0,91398981334.0,38927634634.0,29846066478.0,717978163.0,634952095.0
Phai_thu_thue_khac,25665176119.0,18750136896.0,22068485867.0,8803759450.0,7976572385.0,12902824268.0,34144629790.0,32413440414.0,15008421862.0,2551817942.0,2807498457.0,3914401984.0,4232952.0,0.0,14038955.0
Tai_san_luu_dong_khac1,0.0,0.0,0.0,0.0,0.0,3462313488.0,26332427061.0,26692992340.0,25904219282.0,33643210408.0,236028947358.0,15645803939.0,66649299627.0,461281196.0,155000000.0
Tai_san_dai_han,71339093190006.0,52914282483307.0,19954124411610.0,15043765608591.0,13591592052060.0,10343245032050.0,10673862524545.0,8794975115778.0,8039052690405.0,7037564444436.0,4835399323200.0,1790365447257.0,1621282269054.0,392211443352.0,422648151697.0
Phai_thu_dai_han,27717594984.0,22301804672.0,21810530536.0,18173189031.0,16485258954.0,0.0,449759238679.0,448979590000.0,449008590000.0,449008590000.0,43404000.0,43404000.0,239429372500.0,0.0,0.0
Phai_thu_khach_hang_dai_han,0.0,0.0,0.0,0.0,0.0,0.0,0.0,0.0,0.0,0.0,0.0,0.0,0.0,0.0,0.0
Phai_thu_noi_bo_dai_han,0.0,0.0,0.0,0.0,0.0,0.0,0.0,0.0,0.0,0.0,0.0,0.0,0.0,0.0,0.0
Phai_thu_dai_han_khac,22807248984.0,22301804672.0,21810530536.0,15673189031.0,11485258954.0,0.0,449759238679.0,448979590000.0,449008590000.0,449008590000.0,43404000.0,43404000.0,239429372500.0,0.0,0.0
Du_phong_phai_thu_dai_han,0.0,0.0,0.0,0.0,0.0,0.0,0.0,0.0,0.0,0.0,0.0,0.0,0.0,0.0,0.0
Tai_san_co_dinh,31249493917960.0,12782560625001.0,13197796695351.0,12670459873438.0,8211430447399.0,9158124616833.0,9187130524312.0,7007089647235.0,5919927446732.0,4603672511870.0,3065311850943.0,1265421455951.0,950048782543.0,392032138786.0,420213174189.0
Gtcl_tscd_huu_hinh,30980122434704.0,12565363529879.0,13012259134112.0,12487811189623.0,8047470109033.0,8548486917773.0,8864496339790.0,4295767594850.0,4391699339919.0,3979294726886.0,876483904113.0,877668572169.0,866051056425.0,369925888822.0,371992567843.0
Nguyen_gia_tscd_huu_hinh,43804940121895.0,22992663946845.0,21244526727212.0,18855209473822.0,13055040780097.0,12431106424851.0,11747912985324.0,6529948378267.0,6051631907556.0,5109678090211.0,1634137248326.0,1439883857293.0,1256775162733.0,475860886891.0,447195325599.0
Khau_hao_luy_ke_tscd_huu_hinh,-12824817687191.0,-10427300416966.0,-8232267593100.0,-6367398284199.0,-5007570671064.0,-3882619507078.0,-2883416645534.0,-2234180783417.0,-1659932567637.0,-1130383363325.0,-757653344213.0,-562215285124.0,-390724106308.0,-105934998069.0,-75202757756.0
Gtcl_tai_san_thue_tai_chinh,0.0,0.0,0.0,0.0,0.0,0.0,0.0,0.0,9648515450.0,10662903383.0,11677291317.0,12691678733.0,14959391455.0,22081031069.0,24824438089.0
Nguyen_gia_tai_san_thue_tai_chinh,0.0,0.0,0.0,0.0,0.0,0.0,0.0,0.0,16488423548.0,16488423548.0,16488423548.0,16488423548.0,19396289198.0,27597706769.0,27581343133.0
Khau_hao_luy_ke_tai_san_thue_tai_chinh,0.0,0.0,0.0,0.0,0.0,0.0,0.0,0.0,-6839908098.0,-5825520165.0,-4811132231.0,-3796744815.0,-4436897743.0,-5516675700.0,-2756905044.0
Gtcl_tai_san_co_dinh_vo_hinh,269371483256.0,217197095122.0,185537561239.0,182648683815.0,163960338366.0,180165542072.0,189063615103.0,166217334650.0,164262941291.0,122793292131.0,274764834646.0,264612717186.0,40827966713.0,0.0,10999996.0
Nguyen_gia_tscd_vo_hinh,339570963463.0,268391812870.0,225393363897.0,215970717186.0,193249079259.0,210636148429.0,215917099640.0,188296995886.0,181890035603.0,135335392353.0,283458505168.0,270155360706.0,44522327623.0,22000000.0,22000000.0
Khau_khao_luy_ke_tscd_vo_hinh,-70199480207.0,-51194717748.0,-39855802658.0,-33322033371.0,-29288740893.0,-30470606357.0,-26853484537.0,-22079661236.0,-17627094312.0,-12542100222.0,-8693670522.0,-5542643520.0,-3694360910.0,-22000000.0,-11000004.0
Xay_dung_co_ban_do_dang,0.0,0.0,0.0,0.0,0.0,429472156988.0,133570569419.0,2545104717735.0,1354316650072.0,490921589470.0,1902385820867.0,110448487863.0,28210367950.0,25218895.0,23385168261.0
Gia_tri_rong_tai_san_dau_tu,576616510917.0,179740530488.0,191191085236.0,202756917580.0,192494292820.0,197343763931.0,62002294764.0,66519066085.0,11107795733.0,15189484788.0,19549586087.0,18330500676.0,7206963211.0,0.0,0.0
Nguyen_gia_tai_san_dau_tu,663239742390.0,246767060543.0,246141517543.0,245628493960.0,236450059552.0,232446624627.0,88066912353.0,88066912353.0,29106577749.0,29106577749.0,29106577749.0,23370512967.0,9429464991.0,0.0,0.0
Khau_hao_luy_ke_tai_san_dau_tu,-86623231473.0,-67026530055.0,-54950432307.0,-42871576380.0,-43955766732.0,-35102860696.0,-26064617589.0,-21547846268.0,-17998782016.0,-13917092961.0,-9556991662.0,-5040012291.0,-2222501780.0,0.0,0.0
Dau_tu_dai_han,45794216642.0,66584926457.0,16951738400.0,78864136876.0,102545479270.0,61184828523.0,21255298806.0,26218497620.0,272569336459.0,708792906574.0,1101992112536.0,380605806896.0,392259430415.0,0.0,0.0
Dau_tu_vao_cac_cong_ty_con,0.0,0.0,0.0,0.0,0.0,0.0,0.0,0.0,0.0,0.0,0.0,0.0,0.0,0.0,0.0
Dau_tu_vao_cac_cong_ty_lien_ket,-1431313615.0,0.0,0.0,3271387743.0,3806335925.0,3997137449.0,5553170441.0,5809369255.0,183056336459.0,573650566574.0,930972112536.0,380585806896.0,192239430415.0,0.0,0.0
Dau_tu_dai_han_khac,700000000.0,700000000.0,15700000000.0,15702128365.0,15702128365.0,57187691074.0,15702128365.0,20409128365.0,89513000000.0,135142340000.0,171020000000.0,20000000.0,200020000000.0,0.0,0.0
Du_phong_giam_gia_dau_tu_dai_han,0.0,0.0,0.0,0.0,0.0,0.0,0.0,0.0,0.0,0.0,0.0,0.0,0.0,0.0,0.0
Loi_the_thuong_mai,0.0,0.0,0.0,0.0,0.0,382082082487.0,572856921038.0,852077072664.0,953448974791.0,963941673658.0,493816710191.0,0.0,0.0,0.0,0.0
Tai_san_dai_han_khac,2004150482489.0,1755774089572.0,1057622949461.0,918531319407.0,726477135665.0,544509740276.0,380858246946.0,394091242174.0,432990546690.0,296959277546.0,154685659443.0,125964279734.0,32337720385.0,179304566.0,2434977508.0
Tra_truoc_dai_han,1650738623090.0,1461311868435.0,832464153214.0,716374249275.0,551682828680.0,483218729903.0,326428533088.0,327676686308.0,343590859015.0,224060809097.0,121805877399.0,106670235528.0,0.0,127544795.0,2434977508.0
Thue_thu_nhap_hoan_lai_phai_thu,292226687882.0,206227896900.0,170753319290.0,127323104169.0,83703031782.0,52065448874.0,54344805858.0,47988208522.0,70094330044.0,51313170818.0,30147903044.0,19159968886.0,32337720385.0,51759771.0,0.0
Cac_tai_san_dai_han_khac,0.0,0.0,0.0,0.0,0.0,9225561499.0,84908000.0,18426347344.0,19305357631.0,21585297631.0,2731879000.0,134075320.0,0.0,0.0,0.0
Tong_cong_tai_san,101776030099900.0,78223007670925.0,53022184778251.0,33226552317885.0,25506769185545.0,22089104397803.0,23076377862689.0,19015763461546.0,17524683026075.0,14903658232099.0,10243239989085.0,5639374548325.0,4756794819272.0,707615397601.0,701304129835.0
No_phai_tra,53989393956205.0,37600057830115.0,20624604566341.0,13376291239921.0,11040058800235.0,10123764654194.0,13489417843130.0,10438205916396.0,9561051849556.0,8165669159381.0,5104606962713.0,1294098304111.0,1533364217971.0,376805282523.0,442344513597.0
No_ngan_han,26984198187977.0,22636149492136.0,18519722634329.0,11985020235150.0,9992832755685.0,9016779622246.0,11142521402951.0,7362009487292.0,6646566078572.0,6136481866444.0,4565113038861.0,1256330621478.0,1268386837443.0,306593259887.0,353391722099.0
Vay_ngan_han,16837653470387.0,11494717393327.0,11328518776500.0,5488170638894.0,6116817325257.0,5736983436809.0,5743559817748.0,4850248888636.0,4555165544579.0,4021625285657.0,3648096119795.0,588329658721.0,653132655452.0,247577103106.0,261636457113.0
Phai_tra_nguoi_ban,7507198913115.0,8706913341857.0,4226437580299.0,3733634506722.0,2638687908117.0,1927830990815.0,2313957097164.0,1520631891532.0,941732961241.0,897906970546.0,444426109610.0,295758522868.0,328712116589.0,53604692514.0,89008329380.0
Nguoi_mua_tra_tien_truoc,408691837688.0,361444408581.0,824276288448.0,1036123955455.0,50112574555.0,158911796301.0,79676433981.0,187595273309.0,39916738424.0,117419085859.0,53204605485.0,225254924087.0,75210770196.0,774722742.0,67497144.0
Thue_va_cac_khoan_phai_tra_nha_nuoc,478426384718.0,481510200714.0,378251543847.0,744422755457.0,398530099807.0,463700814724.0,387853096459.0,209932737460.0,245561340161.0,286652794503.0,295236576239.0,83384015509.0,113937336138.0,2853361698.0,2055198462.0
Phai_tra_nguoi_lao_dong,247936926136.0,252288255386.0,294643257677.0,262345657297.0,212634466249.0,158701054509.0,122128725001.0,95436269206.0,49327751519.0,40566529544.0,24465398028.0,18664497077.0,14744808426.0,1572039000.0,624240000.0
Chi_phi_phai_tra,429777297411.0,261634131158.0,308755056470.0,159606432529.0,106756384950.0,204745212904.0,345447630212.0,332804558333.0,328305902437.0,161533736200.0,55605566843.0,19204262543.0,13722667471.0,197788098.0,0.0
Phai_tra_noi_bo,0.0,0.0,0.0,0.0,0.0,0.0,0.0,0.0,0.0,0.0,0.0,0.0,0.0,13552729.0,0.0
Phai_tra_ve_xay_dung_co_ban,0.0,0.0,0.0,0.0,0.0,0.0,0.0,0.0,0.0,0.0,0.0,0.0,0.0,0.0,0.0
Phai_tra_khac,237391747239.0,300069780261.0,442135349194.0,140603236406.0,95876723487.0,134165173120.0,2045822283922.0,105794771676.0,401188928439.0,509640924257.0,33874093557.0,25734740673.0,68926483171.0,0.0,0.0
Du_phong_cac_khoan_phai_tra_ngan_han,3111122885.0,6238723132.0,8150637096.0,14918462172.0,9745648320.0,17171173699.0,13212673156.0,11211707436.0,11577689249.0,14181335039.0,10204569304.0,0.0,0.0,0.0,0.0
Quy_khen_thuong_phuc_loi,806604376402.0,761403536738.0,705690675557.0,399761246105.0,349360107894.0,214569969365.0,90863645308.0,48353389704.0,73789222523.0,86955204839.0,0.0,0.0,0.0,0.0,0.0
No_dai_han,27005195768228.0,14963908337979.0,2104881932012.0,1391271004771.0,1047226044550.0,1106985031948.0,2346896440179.0,3076196429104.0,2914485770984.0,2029187292937.0,539493923852.0,37767682633.0,264977380528.0,70212022636.0,88952791498.0
Phai_tra_nha_cung_cap_dai_han,6652492138554.0,1647091707192.0,0.0,0.0,0.0,0.0,0.0,0.0,0.0,0.0,0.0,0.0,0.0,0.0,0.0
Phai_tra_noi_bo_dai_han,0.0,0.0,0.0,0.0,0.0,0.0,0.0,0.0,0.0,0.0,0.0,0.0,0.0,0.0,0.0
Phai_tra_dai_han_khac,58387110781.0,36480820999.0,46659980472.0,118559169199.0,110185097424.0,96068705964.0,514930691650.0,1620487869471.0,1014907788704.0,458093237312.0,9554858112.0,2264602362.0,201620976102.0,0.0,0.0
Vay_dai_han,19842099219720.0,12810996979972.0,1651494675275.0,972200000000.0,739000000000.0,1010863752151.0,1831823606336.0,1455708545840.0,1869049671824.0,1544868352246.0,503747790221.0,6035190854.0,47236656595.0,70212022636.0,88952791498.0
Thue_thu_nhap_hoan_lai_phai_tra,1104751459.0,0.0,323343866.0,908757131.0,157445445.0,52573833.0,142142193.0,13793.0,2688299655.0,756764907.0,9083762.0,944226332.0,0.0,0.0,0.0
Du_phong_tro_cap_thoi_viec,0.0,0.0,0.0,0.0,0.0,0.0,0.0,0.0,27840010801.0,25468938472.0,26182191757.0,18531928085.0,16119747831.0,0.0,0.0
Du_phong_cac_khoan_cong_no_dai_han,20413737584.0,18238256789.0,19949570358.0,18834936116.0,16362661572.0,0.0,0.0,0.0,0.0,0.0,0.0,9991735000.0,0.0,0.0,0.0
Du_phong_nghiep_vu_ap_dung_cho_cty_bao_hiem,0.0,0.0,0.0,0.0,0.0,0.0,0.0,0.0,0.0,0.0,0.0,0.0,0.0,0.0,0.0
Doanh_thu_chua_thuc_hien,3369818100.0,0.0,0.0,0.0,0.0,0.0,0.0,0.0,0.0,0.0,0.0,0.0,0.0,0.0,0.0
Quy_phat_trien_khoa_hoc_cong_nghe,0.0,0.0,0.0,0.0,0.0,0.0,0.0,0.0,0.0,0.0,0.0,0.0,0.0,0.0,0.0
Von_chu_so_huu,47786636143695.0,40622949840810.0,32397580211910.0,19850261077964.0,14466710385310.0,11795984026356.0,9500327254417.0,8085135114809.0,7413804561023.0,6398095940358.0,4898775649293.0,4111066885721.0,3142550739733.0,330810115078.0,258959616238.0
Von_va_cac_quy,47786636143695.0,40622949840810.0,32397580211910.0,19850261077964.0,14466710385310.0,11795984026356.0,9500327254417.0,8085135114809.0,7413804561023.0,6398095940358.0,4825091164581.0,4070660719967.0,3121496225838.0,330487653894.0,258959616238.0
Von_gop,27610741150000.0,21239071660000.0,15170790000000.0,8428749560000.0,7329514190000.0,4819081750000.0,4190525330000.0,4190525330000.0,3178497600000.0,3178497600000.0,1963639980000.0,1963639980000.0,1320000000000.0,300000000000.0,300000000000.0
Thang_du_von_co_phan,3211560416270.0,3211560416270.0,3202198967068.0,674149437068.0,674149437068.0,2207350817068.0,2207350817068.0,2207350817068.0,2257862350000.0,2257862350000.0,1620900010000.0,1620900010000.0,1315000000000.0,0.0,0.0
Von_khac,0.0,0.0,0.0,0.0,0.0,0.0,0.0,0.0,313613480000.0,0.0,0.0,0.0,0.0,0.0,0.0
Co_phieu_quy,0.0,0.0,-1693270000.0,-1093000000.0,-638500000.0,0.0,0.0,0.0,-150970558021.0,0.0,0.0,0.0,0.0,0.0,0.0
Chenh_lech_danh_gia_lai_tai_san,0.0,0.0,0.0,0.0,0.0,0.0,0.0,0.0,0.0,0.0,0.0,0.0,0.0,0.0,0.0
Chenh_lech_ty_gia,565534994.0,276819257.0,0.0,0.0,0.0,0.0,0.0,4421231105.0,5594607014.0,171064385.0,-58267697294.0,-6052555381.0,2553408756.0,0.0,0.0
Quy_dau_tu_va_phat_trien,923641612156.0,918641612156.0,518641612156.0,1156415747213.0,891436091839.0,0.0,0.0,0.0,0.0,0.0,0.0,0.0,0.0,0.0,0.0
Quy_du_phong_tai_chinh,0.0,0.0,0.0,0.0,0.0,674783632921.0,459080197478.0,290114305696.0,269337278874.0,204910352336.0,144179946479.0,76429969200.0,34196465655.0,0.0,0.0
Quy_du_tru_bat_buoc_cty_bao_hiem,0.0,0.0,0.0,0.0,0.0,0.0,0.0,0.0,0.0,0.0,0.0,0.0,0.0,0.0,0.0
Quy_quy_khac,0.0,0.0,0.0,0.0,0.0,0.0,0.0,0.0,0.0,0.0,0.0,0.0,0.0,0.0,0.0
Lai_chua_phan_phoi,15876913750948.0,15126437863905.0,13397029077196.0,9486351633348.0,5549332356102.0,4094767826367.0,2643370909871.0,1392723430940.0,1539869803156.0,756654573637.0,1154638925396.0,415743316148.0,449746351427.0,30487653894.0,-41040383762.0
Quy_ho_tro_sap_xep_doanh_nghiep,0.0,0.0,0.0,0.0,0.0,0.0,0.0,0.0,0.0,0.0,0.0,0.0,0.0,0.0,0.0
Von_ngan_sach_nha_nuoc_va_quy_khac,0.0,0.0,0.0,0.0,0.0,0.0,0.0,0.0,0.0,0.0,73684484712.0,40406165754.0,21054513895.0,322461184.0,0.0
Quy_khen_thuong_phuc_loi_truoc_2010,0.0,0.0,0.0,0.0,0.0,0.0,0.0,0.0,0.0,0.0,73684484712.0,40406165754.0,21054513895.0,322461184.0,0.0
Von_ngan_sach_nha_nuoc,0.0,0.0,0.0,0.0,0.0,0.0,0.0,0.0,0.0,0.0,0.0,0.0,0.0,0.0,0.0
Loi_ich_cua_co_dong_thieu_so,0.0,0.0,0.0,0.0,0.0,169355717253.0,86632765142.0,492422430341.0,549826615496.0,339893132360.0,239857377079.0,234209358493.0,80879861568.0,0.0,0.0
Tong_cong_nguon_von,101776030099900.0,78223007670925.0,53022184778251.0,33226552317885.0,25506769185545.0,22089104397803.0,23076377862689.0,19015763461546.0,17524683026075.0,14903658232099.0,10243239989085.0,5639374548325.0,4756794819272.0,707615397601.0,701304129835.0
Doanh_so,64677906575644.0,56580423695083.0,46854825722466.0,33884892008435.0,27864558436964.0,25851816458125.0,19200234178082.0,17122073926267.0,18092906336584.0,14492717731336.0,8244251646520.0,8502113474005.0,5733717351247.0,1329747902812.0,909085037947.0
Cac_khoan_giam_tru,-1019713901853.0,-743965315324.0,-693134108162.0,-601681848448.0,-411626322631.0,-326467635412.0,-265942027551.0,-295222033283.0,-241009775009.0,-225633914975.0,-120857031774.0,-137308587515.0,-90782853734.0,-10865034937.0,-77081143.0
Doanh_so_thuan,63658192673791.0,55836458379759.0,46161691614304.0,33283210159987.0,27452932114333.0,25525348822713.0,18934292150531.0,16826851892984.0,17851896561575.0,14267083816361.0,8123394614746.0,8364804886490.0,5642934497513.0,1318882867875.0,909007956804.0
Gia_von_hang_ban,-52472820451654.0,-44165626148685.0,-35536120578221.0,-24532650438985.0,-21858956167813.0,-20338346539679.0,-15650540636204.0,-14341642566494.0,-14979112891099.0,-11808395972088.0,-6147351692197.0,-7106495501517.0,-4676412401178.0,-1192355396866.0,-893694493600.0
Lai_gop,11185372222137.0,11670832231074.0,10625571036083.0,8750559721002.0,5593975946520.0,5187002283034.0,3283751514327.0,2485209326490.0,2872783670476.0,2458687844273.0,1976042922549.0,1258309384973.0,966522096335.0,126527471009.0,15313463204.0
Thu_nhap_tai_chinh,471053832011.0,294408270741.0,186215464700.0,197181167853.0,248607642113.0,160287779327.0,276278618993.0,164624612181.0,329278942087.0,204711471331.0,131695300222.0,149814918227.0,25886619517.0,144659122.0,89518353.0
Chi_phi_tai_chinh,-1181675710916.0,-772317161901.0,-555756583746.0,-367986756135.0,-566233897606.0,-563834231079.0,-528408903958.0,-585024105173.0,-1069830704860.0,-693801025720.0,-281066057342.0,-170814160131.0,-45263940647.0,-41744090183.0,-20637047572.0
Chi_phi_tien_lai,-936710218359.0,-539861243640.0,-479707569855.0,-279951879407.0,-251337896345.0,-350628944467.0,-370947849826.0,-526970967624.0,-765583007409.0,-413090188796.0,-76177480256.0,-74436977629.0,-39573467881.0,-35938291228.0,-19379679733.0
Chi_phi_ban_hang,1.3719107439372278,1.2121277761849358,1.2883147209009982,1.4720756004059417,1.5450083932439185,1.434213057904412,1.339649050729823,1.6285873081658349,1.2178939167336191,1.2570448867156363,1.532685983997258,1.2720868447494684,1.5772942090188593,0.2121955561913664,0.0
Chi_phi_quan_ly_doanh__nghiep,-569005805722.0,-444024985823.0,-409038156382.0,-404587312609.0,-760822612994.0,-607214249307.0,-416174707153.0,-586966481317.0,-401754381560.0,-274508673772.0,-196485507502.0,-138459531793.0,-106717971926.0,-7692874349.0,-10042479331.0
Lai_tu_hoat_dong_kinh_doanh,9030979639207.0,10072089132832.0,9252124280568.0,7684677856132.0,4091186171151.0,3810153696084.0,2361793457152.0,1203803377888.0,1513060363898.0,1515745968515.0,1505680527242.0,992443028726.0,751421124231.0,74436554762.0,-15276545346.0
Thu_nhap_khac,657680931477.0,488856588036.0,432791811829.0,434468369665.0,314546263699.0,275600324411.0,199104247497.0,210272300024.0,114290095355.0,256775799502.0,30136197668.0,26286316582.0,30417104853.0,976696288.0,18675788628.0
Chi_phi_khac,-591998447298.0,-489872848566.0,-396546349700.0,-417322272122.0,-415903770054.0,-316062036756.0,-166237311403.0,-195329039096.0,-127456626431.0,-254360923593.0,-15538643438.0,-9650307370.0,-23790764765.0,-907477652.0,-670950496.0
Thu_nhap_khac_rong,65682484179.0,-1016260530.0,36245462129.0,17146097543.0,-101357506355.0,-40461712345.0,32866936094.0,14943260928.0,-13166531076.0,2414875909.0,14597554230.0,16636009212.0,6626340088.0,69218636.0,18004838132.0
Lai_tu_cong_ty_lien_doanh,0.0,0.0,0.0,0.0,0.0,-171255307.0,-256198814.0,-541298162.0,-10750989141.0,45990249642.0,-10298743625.0,9550446007.0,1378132059.0,0.0,0.0
Lai_rong_truoc_thue,9096662123386.0,10071072872302.0,9288369742697.0,7701823953675.0,3989828664796.0,3769520728432.0,2394404194432.0,1218205340654.0,1489142843681.0,1564151094066.0,1509979337847.0,1018629483945.0,759425596378.0,74505773398.0,2728292786.0
Thue_thu_nhap_doanh_nghiep_-_hien_thoi,-1603307926680.0,-1506320087551.0,-1317628785035.0,-1138489987447.0,-516978888313.0,-517116335811.0,-390183260599.0,-168282075477.0,-209141964481.0,-208252593941.0,-251195791158.0,-164134114654.0,-122238902371.0,-2628495513.0,0.0
Thue_thu_nhap_doanh_nghiep_-_hoan_lai,84894039523.0,35797921476.0,44015628386.0,42868760701.0,31532711296.0,-2189802417.0,6214468936.0,-19417835660.0,16849624478.0,20417586653.0,11923076728.0,4914943182.0,6786933085.0,51759771.0,0.0
Chi_phi_thue_thu_nhap_doanh_nghiep,-1518413887157.0,-1470522166075.0,-1273613156649.0,-1095621226746.0,-485446177017.0,-519306138228.0,-383968791663.0,-187699911137.0,-192292340003.0,-187835007288.0,-239272714430.0,-159219171472.0,-115451969286.0,-2576735742.0,0.0
Lai_thuan_sau_thue,7578248236229.0,8600550706227.0,8014756586048.0,6606202726929.0,3504382487779.0,3250214590204.0,2010435402769.0,1030505429517.0,1296850503678.0,1376316086778.0,1270706623417.0,859410312473.0,643973627092.0,71929037656.0,2728292786.0
Loi_ich_cua_co_dong_thieu_so.1,50805368355.0,27536495813.0,8084472201.0,4100726657.0,18919523530.0,105961744233.0,56247864896.0,36481107081.0,60412781235.0,27002469604.0,-1180996696.0,5219358493.0,0.0,0.0,0.0
Co_dong_cua_cong_ty_me,7527442867874.0,8573014210414.0,8006672113847.0,6602102000272.0,3485462964249.0,3144252845971.0,1954187537873.0,994024322436.0,1236437722443.0,1349313617174.0,1271887620113.0,854190953980.0,643973627092.0,71929037656.0,2728292786.0
Lai_co_ban_tren_co_phieu,2726.0,4037.0,5895.0,7162.0,4517.0,6435.0,4663.0,2386.0,3573.0,4115.0,6477.0,4439.0,5279.0,0.0,0.0
Lai_tren_co_phieu_pha_loang,0.0,0.0,0.0,0.0,0.0,0.0,0.0,0.0,0.0,0.0,0.0,0.0,0.0,0.0,0.0
Tt_gt,False,False,False,False,False,False,False,False,False,False,False,False,False,False,False
Tien_thu_tu_ban_hang_cung_cap_dich_vu_va_dt_khac,0.0,0.0,0.0,0.0,0.0,0.0,0.0,0.0,0.0,0.0,0.0,0.0,,,
Tien_chi_tra_cho_nguoi_cung_cap_hh_va_dich_vu,0.0,0.0,0.0,0.0,0.0,0.0,0.0,0.0,0.0,0.0,0.0,0.0,,,
Tien_chi_tra_cho_nguoi_lao_dong,0.0,0.0,0.0,0.0,0.0,0.0,0.0,0.0,0.0,0.0,0.0,0.0,,,
Tien_chi_tra_lai_vay,0.0,0.0,0.0,0.0,0.0,0.0,0.0,0.0,0.0,0.0,0.0,0.0,,,
Tien_chi_nop_thue_thu_nhap_doanh_nghiep,0.0,0.0,0.0,0.0,0.0,0.0,0.0,0.0,0.0,0.0,0.0,0.0,,,
Tien_thu_tu_hoat_dong_kinh_doanh,0.0,0.0,0.0,0.0,0.0,0.0,0.0,0.0,0.0,0.0,0.0,0.0,,,
Tien_chi_khac_cho_hoat_dong_kinh_doanh,0.0,0.0,0.0,0.0,0.0,0.0,0.0,0.0,0.0,0.0,0.0,0.0,,,
Lai_truoc_thue,9096662123386.0,10071072872302.0,9288369742697.0,7701823953675.0,3989828664796.0,3769520728432.0,2394404194432.0,1218205340654.0,1489142843681.0,1564151094066.0,1509979337847.0,1018629483945.0,759425596378.0,,
Khau_hao_tscd,2593232573029.0,2259594298268.0,2004656709264.0,1674325806175.0,1281591263404.0,1109518432670.0,720195566311.0,596227337059.0,541922822267.0,358821928950.0,194044819170.0,176801433986.0,116292172374.0,,
Chi_phi_du_phong,-5772614376.0,-72990493823.0,-10870919019.0,-113894221513.0,65304349717.0,209663586663.0,-147647242587.0,90834354093.0,79970656805.0,-532403447.0,-183665314449.0,181457986477.0,11969492332.0,,
Lai_lo_chenh_lech_ty_gia_chua_thuc_hien,24183514856.0,29910869480.0,-4721135461.0,22123664306.0,13166497767.0,82549401774.0,9755308690.0,1105860020.0,73528264937.0,77615698472.0,82707770.0,2203508791.0,2071337094.0,,
Lai_lo_tu_thanh_ly_tai_san_co_dinh,0.0,0.0,0.0,0.0,0.0,0.0,0.0,0.0,124577922101.0,0.0,0.0,0.0,-23527473332.0,,
Lai_lo_tu_hoat_dong_dau_tu,-286185193464.0,-112985971103.0,-100141408999.0,-142785039051.0,-81208667361.0,-23625391281.0,-239922767209.0,-127834058603.0,-168431397099.0,-107588376582.0,-105269346526.0,-125088794821.0,0.0,,
Chi_phi_lai_vay,936710218359.0,539861243640.0,479707569855.0,279951879407.0,251337896345.0,350628944467.0,370947849826.0,526970967624.0,765583007409.0,413090188796.0,76177480256.0,74436977629.0,39573467881.0,,
Thu_lai_va_co_tuc,0.0,0.0,0.0,0.0,0.0,0.0,0.0,0.0,0.0,0.0,28823125345.0,0.0,0.0,,
Lai_lo_truoc_nhung_thay_doi_von_luu_dong,12358830621790.0,12740513971484.0,11657000558337.0,9421546042999.0,5811010811952.0,5743142484326.0,3382756788189.0,2430601819287.0,2906294120101.0,2305558130255.0,1520172809413.0,1328440596007.0,905804592727.0,,
Tang_giam_cac_khoan_phai_thu,-288519564021.0,-1423156571992.0,-462712870273.0,-486371890043.0,-17333301250.0,-39335171949.0,184894312063.0,-58060734370.0,67002771904.0,-270860849472.0,631941882432.0,-59212209063.0,-469580867506.0,,
Tang_giam_hang_ton_kho,-5132237172021.0,-2301594154020.0,-2201681306847.0,-3334840113940.0,390083981802.0,235303034097.0,-1216858380400.0,-444727394130.0,-1874369887775.0,-676327671681.0,-1062448213617.0,-426467721621.0,-729220501786.0,,
Tang_giam_cac_khoan_phai_tra,3557798129583.0,1459709130157.0,-427137753385.0,2294022318780.0,-849876282431.0,-2199063441613.0,1674080391405.0,1256558631126.0,331845438220.0,-256934982422.0,-667519768296.0,157771730720.0,176694154917.0,,
Tang_giam_chi_phi_tra_truoc,-8476974345.0,-500921130265.0,-57137603269.0,121804325086.0,66692373461.0,-28905066932.0,43029826617.0,46907773104.0,-72283657603.0,-58269901758.0,-11129357107.0,-83903693466.0,3439348318.0,,
Chi_phi_lai_vay_da_tra,-867276241172.0,-611767789386.0,-476521018456.0,-280617909310.0,-284307633410.0,-325690062547.0,-558923619216.0,-620947691630.0,-732210383763.0,-393268078518.0,-108212085175.0,-104462988946.0,-38212854706.0,,
Thue_thu_nhap_doanh_nghiep_da_tra,-1552892549868.0,-1416437918395.0,-1723779496359.0,-752694098346.0,-447842572341.0,-575207645980.0,-200847280440.0,-230283194389.0,-223787156839.0,-265793824683.0,-51677033815.0,-212065352412.0,-60926209603.0,,
Tien_thu_khac_tu_cac_hoat_dong_kinh_doanh,0.0,0.0,0.0,0.0,0.0,33084042052.0,21180037819.0,3021354308.0,1878015020.0,135447050025.0,17691457489.0,63212439458.0,36079118384.0,,
Tien_chi_khac_tu_cac_hoat_dong_kinh_doanh,-352057555830.0,-304001386852.0,-249708157378.0,-164128748378.0,-125477836812.0,-81054853105.0,-95479361817.0,-113692912579.0,-100176250921.0,-121339205479.0,-350857410034.0,-41306475253.0,-127500997857.0,,
Luu_chuyen_tien_te_rong_tu_cac_hoat_dong_san_xuat_kinh_doanh,7715168694116.0,7642344150731.0,6058322352370.0,6818719926848.0,4542949540971.0,2762273318349.0,3233832714220.0,2269377650727.0,304193008344.0,398210666267.0,-82037718710.0,622006325424.0,-303424217112.0,,
Tien_mua_tai_san_co_dinh_va_cac_tai_san_dai_han_khac,-20825371574660.0,-27594117760420.0,-8875037848448.0,-3416965133077.0,-3386572345633.0,-1165028194450.0,-2921311668380.0,-1828105150975.0,-1723752583204.0,-979887380364.0,-1458256687573.0,-463641157140.0,-179139948481.0,,
Tien_thu_duoc_tu_thanh_ly_tai_san_co_dinh,26937572033.0,64821767118.0,6994210217.0,27787678259.0,32360460543.0,21687699513.0,11605368430.0,51448674795.0,14471773287.0,177668358381.0,9459872168.0,1852095190.0,71084015441.0,,
Tien_cho_vay_hoac_mua_cong_cu_no,-4467553072509.0,-11295502021543.0,-13644057693450.0,-10561686300.0,-298004536121.0,-158593682578.0,-163135157802.0,-222260641965.0,0.0,-440315194592.0,-118985000000.0,-2917330224068.0,-289020000000.0,,
Tien_thu_tu_cho_vay_hoac_thu_tu_phat_hanh_cong_cu_no,6832224480334.0,17443013202984.0,4461988265600.0,271604227038.0,119070843886.0,0.0,0.0,1600000000.0,335859840000.0,309875860000.0,659433383592.0,2599819445068.0,23050000000.0,,
Dau_tu_vao_cac_doanh_nghiep_khac,0.0,-115947860804.0,-40833411607.0,0.0,-230628789000.0,-56955592861.0,-395947200000.0,-84721860000.0,-61310125053.0,-639735062583.0,-1177004497177.0,-183500000000.0,-935400000000.0,,
Tien_thu_tu_viec_ban_cac_khoan_dau_tu_vao_cac_doanh_nghiep_khac,0.0,17599680288.0,651015518.0,0.0,0.0,1500000000.0,116266905518.0,356306160000.0,314022199450.0,9476820411.0,647047812.0,200000000000.0,14350920590.0,,
Co_tuc_va_tien_lai_nhan_duoc,369546551545.0,946999021433.0,164530335333.0,0.0,0.0,107306447497.0,100056500126.0,66064545910.0,183710509234.0,141661603051.0,123734925126.0,104051281762.0,0.0,,
Luu_chuyen_tien_te_rong_tu_hoat_dong_dau_tu,-18064216043257.0,-20533133970944.0,-17925765126837.0,-3128134914080.0,-3763774366325.0,-1250083322879.0,-3252465252108.0,-1659668272235.0,-936998386286.0,-1421254995696.0,-1960970956052.0,-658748559188.0,-1295075012450.0,,
Tien_thu_tu_phat_hanh_co_phieu_va_von_gop,85000000.0,11424719202.0,5057285360000.0,10000000.0,58500000.0,475000000.0,620000000.0,0.0,88085000000.0,8456520000.0,1428720000.0,678750000000.0,2410000000000.0,,
Chi_tra_cho_viec_mua_lai_tra_lai_co_phieu,0.0,0.0,0.0,0.0,0.0,0.0,0.0,100459025089.0,-150970558021.0,0.0,0.0,0.0,0.0,,
Tien_thu_duoc_cac_khoan_di_vay,69584170644057.0,53472014216173.0,37194696510889.0,28158082994564.0,22541238710236.0,21167443398643.0,18941877013166.0,18070024211394.0,17042399604265.0,10862814502121.0,8163590489922.0,4043835946353.0,2262274969180.0,,
Tien_tra_cac_khoan_di_vay,-57193667828616.0,-42335009094686.0,-30674534262267.0,-28560488372250.0,-22433385840450.0,-22097815712253.0,-17672451806682.0,-18188281993320.0,-16327876309624.0,-9647393130599.0,-4751922352762.0,-4132818305654.0,-2517930116952.0,,
Tien_thanh_toan_von_goc_di_thue_tai_chinh,0.0,0.0,0.0,0.0,0.0,0.0,0.0,0.0,0.0,-163190854.0,-1680268449.0,-2245334333.0,-15757513956.0,,
Co_tuc_da_tra,-12646859136.0,-5918198429.0,-3754507141.0,-1102410958562.0,-540720414633.0,-681451419825.0,-420496176570.0,-361790013579.0,-2863876264.0,-637985549983.0,-394439393734.0,-439891139986.0,-218973740730.0,,
Tien_lai_da_nhan,0.0,0.0,0.0,0.0,0.0,0.0,0.0,0.0,0.0,0.0,0.0,0.0,0.0,,
Luu_chuyen_tien_te_tu_hoat_dong_tai_chinh,12377940956305.0,11142511642260.0,11573693101481.0,-1504806336248.0,-432809044847.0,-1611348733435.0,849549029914.0,-379588770416.0,648773860356.0,585729150685.0,3016977194977.0,147631166380.0,1919613597542.0,,
Luu_chuyen_tien_thuan_trong_ky,2028893607164.0,-1748278177953.0,-293749672986.0,2185778676520.0,346366129799.0,-99158737965.0,830916492026.0,230120608076.0,15968482414.0,-437315178744.0,973968520215.0,110888932616.0,321114367980.0,,
Tien_va_tuong_duong_tien_dau_ky,2515617135457.0,4264641954689.0,4558660713745.0,2372761840865.0,2026280467705.0,2125322390697.0,1294493700487.0,1064384090542.0,1047177227261.0,1480490925374.0,510218287249.0,399322647501.0,78451541560.0,,
Anh_huong_cua_chenh_lech_ty_gia,389509583.0,-746641279.0,-269086070.0,120196360.0,115243361.0,116814973.0,-87801816.0,-10998131.0,1238380867.0,4001480631.0,-3695882090.0,6707132.0,-243262039.0,,
Tien_va_tuong_duong_tien_cuoi_ky,4544900252204.0,2515617135457.0,4264641954689.0,4558660713745.0,2372761840865.0,2026280467705.0,2125322390697.0,1294493700487.0,1064384090542.0,1047177227261.0,1480490925374.0,510218287249.0,399322647501.0,,
Tien1,4544900252204.0,2515617135457.0,4264641954689.0,4558660713745.0,2372761840865.0,2026280467705.0,2125322390697.0,1294493700487.0,1064384090547.0,1047177227261.0,1480490925374.0,510218287249.0,,,
Tien_mat,16566142092.0,21227327440.0,10571592154.0,12684178304.0,7364886583.0,5253004793.0,4268531258.0,7290746319.0,5594813526.0,10343212664.0,5992630897.0,9669390688.0,,,
Tien_gui_ngan_hang,1661725195112.0,1801074808017.0,753825362535.0,544238535663.0,342031319837.0,477066928012.0,278483558353.0,160931606040.0,245587211794.0,125788445856.0,909455363440.0,243730813661.0,,,
Tien_dang_chuyen,22915000.0,0.0,0.0,0.0,0.0,9629361216.0,11026058.0,3045651687.0,0.0,0.0,325000000.0,18082900.0,,,
Tien_va_tuong_duong_tien.1,2866586000000.0,693315000000.0,3500245000000.0,4001737999778.0,2023365634445.0,1534331173684.0,1842559275028.0,1123225696441.0,813202065227.0,911045568741.0,564717931037.0,256800000000.0,,,
Dau_tu_tai_chinh_nh,1374340352910.0,3724562710535.0,9936707080033.0,693498769815.0,758094875121.0,506641791271.0,387793671402.0,219951513600.0,0.0,290230500000.0,146137615408.0,734385999000.0,,,
Chung_khoan_dau_tu_ngan_han,0.0,0.0,0.0,0.0,0.0,0.0,0.0,0.0,0.0,0.0,0.0,0.0,,,
Dau_tu_nh_khac,0.0,0.0,0.0,0.0,0.0,506641791271.0,387793671402.0,219951513600.0,0.0,290230500000.0,146137615408.0,734385999000.0,,,
Du_phong_giam_gia_dtnh,0.0,0.0,0.0,0.0,0.0,0.0,0.0,0.0,0.0,0.0,0.0,0.0,,,
Phai_thu_ngan_han_khac,139273246353.0,150952350749.0,583180931761.0,182962827055.0,47234353011.0,55961139232.0,34778986769.0,292729021071.0,45922451245.0,58870287474.0,49425229789.0,0.0,,,
Phai_thu_ve_co_phan_hoa,0.0,0.0,0.0,0.0,0.0,0.0,0.0,0.0,0.0,0.0,0.0,0.0,,,
Phai_thu_ve_co_tuc_va_loi_nhuan_duoc_chia,0.0,0.0,0.0,0.0,0.0,0.0,0.0,0.0,0.0,0.0,0.0,0.0,,,
Phai_thu_nguoi_lao_dong,0.0,0.0,0.0,0.0,0.0,0.0,0.0,0.0,0.0,0.0,0.0,0.0,,,
Phai_thu_khac1,139273246353.0,150952350749.0,583180931761.0,182962827055.0,47234353011.0,55961139232.0,34778986769.0,292729021071.0,45922451245.0,58870287474.0,49425229789.0,0.0,,,
Hang_ton_kho1,19480666530260.0,14188336169734.0,11893184186263.0,10391475894874.0,7208055393649.0,7601110304518.0,8064854889451.0,6847996509051.0,6423900938591.0,4549531050816.0,2564854388112.0,1999879190602.0,,,
Hang_mua_dang_di_duong,2871139551905.0,1623197709854.0,1067045868296.0,1544293431711.0,695366378460.0,585168710926.0,886720639117.0,721681193928.0,576834146557.0,578914687718.0,396187159770.0,187677841634.0,,,
Nguyen_lieu_vat_lieu,7381248359674.0,4961008117990.0,4408032815564.0,3540346294961.0,2728251654898.0,3314175008838.0,2383614274577.0,1440630638196.0,1482366404335.0,1453668767659.0,1248509113540.0,563644183438.0,,,
Cong_cu_dung_cu,2101425673044.0,1332123835404.0,1268892892753.0,973951292560.0,826775384751.0,554482318301.0,250397310728.0,194695141551.0,185776149805.0,156110552999.0,63217207716.0,517241247464.0,,,
Chi_phi_sx_kd_do_dang,1573282311451.0,2141040914296.0,1676502031812.0,827918323538.0,881447559380.0,382083095714.0,2724837093296.0,2837866560636.0,2278239775831.0,1162939810661.0,339789373773.0,168959720818.0,,,
Thanh_pham,4489362757309.0,3580989993951.0,2962405916489.0,3372947849974.0,1913398544726.0,2590754929766.0,1760046969711.0,1596687095873.0,1812628601007.0,1055292775311.0,382700928959.0,482295237732.0,,,
Hang_hoa,743135598283.0,543305582635.0,505013254419.0,96143598451.0,76824564678.0,46774019099.0,55818315348.0,53548434481.0,83320718988.0,142596857940.0,134363064845.0,79799222503.0,,,
Hang_gui_di_ban,321072278594.0,6670015604.0,5291406930.0,35875103679.0,85991306756.0,127672221874.0,3420286674.0,2887444386.0,4735142068.0,7598528.0,87539509.0,261737013.0,,,
Hang_hoa_kho_bao_thue,0.0,0.0,0.0,0.0,0.0,0.0,0.0,0.0,0.0,0.0,0.0,0.0,,,
Hang_hoa_bat_dong_san,0.0,0.0,0.0,0.0,0.0,0.0,0.0,0.0,0.0,0.0,0.0,0.0,,,
Tai_san_ngan_han_khac,161281400507.0,0.0,0.0,0.0,0.0,3462313488.0,26332427061.0,26692992340.0,25904219282.0,33643210408.0,236028947358.0,15645803939.0,,,
Tam_ung,1542271353.0,0.0,0.0,0.0,0.0,0.0,0.0,0.0,0.0,0.0,2569419787.0,2813694270.0,,,
Tai_san_thieu_cho_xu_ly,159739129154.0,0.0,0.0,0.0,0.0,0.0,0.0,0.0,0.0,0.0,614507033.0,2849757859.0,,,
Cam_co_ky_quy_ky_cuoc_nh,0.0,0.0,0.0,0.0,0.0,0.0,0.0,0.0,0.0,0.0,232726675899.0,9982351810.0,,,
Khac,0.0,0.0,0.0,0.0,0.0,3462313488.0,26332427061.0,26692992340.0,25904219282.0,33643210408.0,118344639.0,0.0,,,
Phai_thu_dai_han_khac1,22807248984.0,22301804672.0,21810530536.0,15673189031.0,11485258954.0,0.0,449759238679.0,448979590000.0,449008590000.0,449008590000.0,0.0,0.0,,,
Ky_quy_ky_cuoc_dai_han,22700090991.0,12012625000.0,12000275000.0,0.0,2606825000.0,0.0,779648679.0,0.0,0.0,0.0,0.0,0.0,,,
Cac_khoan_tien_nhan_uy_thac,0.0,0.0,0.0,0.0,0.0,0.0,0.0,0.0,0.0,0.0,0.0,0.0,,,
Cho_vay_khong_co_lai,0.0,0.0,0.0,0.0,0.0,0.0,0.0,0.0,0.0,0.0,0.0,0.0,,,
Phai_thu_dai_han_khac2,107157993.0,10289179672.0,9810255536.0,15673189031.0,8878433954.0,0.0,448979590000.0,448979590000.0,449008590000.0,449008590000.0,0.0,0.0,,,
Nguyen_gia_tscdhh,43804940121895.0,22992663946845.0,21244526727212.0,18855209473822.0,13055040780097.0,12431106424851.0,11747912985324.0,6529948378267.0,6051631907556.0,5109678090211.0,1634137248326.0,1439883857293.0,,,
Nguyen_gia_dau_ky,22992663946845.0,21244526727212.0,18855209473822.0,13055040780097.0,12431106424851.0,11747912985324.0,6529948378267.0,6051631907556.0,5109678090211.0,1634137248326.0,1439883857293.0,1256775162733.0,,,
Tang_trong_ky,20973557575557.0,1905400773736.0,2495428569362.0,6085799314492.0,833600384124.0,911571582180.0,5306040138200.0,539423177132.0,1024998296778.0,3421781905402.0,232155449425.0,189888360338.0,,,
Giam_trong_ky,-161281400507.0,-157263554103.0,-106111315972.0,-285630620767.0,-209666028878.0,-228378142653.0,-88075531143.0,-61106706421.0,-83044479433.0,53758936483.0,-37902058392.0,-6779665778.0,,,
Hao_mon_tscdhh,12824817687191.0,10427300416966.0,8232267593100.0,6367398284199.0,5007570671064.0,3882619507078.0,2883416645534.0,2234180783417.0,1659932567637.0,1130383363325.0,757653344213.0,562215285124.0,,,
Dau_ky,10427300416966.0,8232267593100.0,6367398284199.0,5007570671064.0,3882619507078.0,2883416645534.0,2234180783417.0,1659932567637.0,1130383363325.0,757653344213.0,562215285124.0,390724106308.0,,,
Tang_trong_ky1,2541814748992.0,2284441259289.0,1955056948494.0,1628758028018.0,1266855530874.0,1120598328848.0,710609220856.0,598451093036.0,577939904163.0,397095345684.0,213163040793.0,173556191273.0,,,
Giam_trong_ky1,-144297478767.0,-89408435423.0,-90187639593.0,-268930414883.0,-141904366888.0,-121395467304.0,-61373358739.0,-24202877256.0,-48390699851.0,-24365326572.0,-17724981704.0,-2065012457.0,,,
Nguyen_gia_tscd_ttc,0.0,0.0,0.0,0.0,0.0,0.0,0.0,0.0,16488423548.0,16488423548.0,16488423548.0,16488432548.0,,,
Nguyen_gia_dau_ky1,0.0,0.0,0.0,0.0,0.0,0.0,0.0,0.0,16488423548.0,16488423548.0,16488423548.0,19396289198.0,,,
Tang_trong_ky2,0.0,0.0,0.0,0.0,0.0,0.0,0.0,0.0,0.0,0.0,0.0,0.0,,,
Giam_trong_ky2,0.0,0.0,0.0,0.0,0.0,0.0,0.0,0.0,0.0,0.0,0.0,-2907856650.0,,,
Hao_mon_tscd_ttc,0.0,0.0,0.0,0.0,0.0,0.0,0.0,0.0,6839908098.0,5825520165.0,4811132231.0,3796744815.0,,,
Dau_ky1,0.0,0.0,0.0,0.0,0.0,0.0,0.0,0.0,6657366498.0,4811132231.0,3796744815.0,4436897743.0,,,
Tang_trong_ky3,0.0,0.0,0.0,0.0,0.0,0.0,0.0,0.0,182541600.0,1014387934.0,1014387416.0,1159781362.0,,,
Giam_trong_ky3,0.0,0.0,0.0,0.0,0.0,0.0,0.0,0.0,0.0,0.0,0.0,-1799934290.0,,,
Nguyen_gia_tscdvh,339570963463.0,268391812870.0,225393363897.0,215970717186.0,193249079259.0,210636148429.0,215917099640.0,188296995886.0,181890035603.0,135335392353.0,283458505168.0,270155360706.0,,,
Nguyen_gia_dau_ky2,268391812870.0,225393363897.0,215970717186.0,193249079259.0,210636148429.0,215917099640.0,188296995886.0,181890035603.0,181962300603.0,283458505168.0,270155360706.0,44522327623.0,,,
Tang_trong_ky4,71179150593.0,43198448973.0,9456246711.0,22761637927.0,871000000.0,653860000.0,27930638340.0,23209184546.0,36500000.0,14907905893.0,13303144462.0,225633033083.0,,,
Giam_trong_ky4,0.0,-200000000.0,-33600000.0,-40000000.0,-18258069170.0,-5934811211.0,-310534586.0,-16802224263.0,-108765000.0,-163031018708.0,0.0,0.0,,,
Hao_mon_tscdvh,70199480207.0,51194717748.0,39855802658.0,33322033371.0,29288740893.0,30470606357.0,26853484537.0,22079661236.0,17627094312.0,12542100222.0,8693670522.0,5542643520.0,,,
Dau_ky2,51194717748.0,39855802658.0,33322033371.0,29288740893.0,30470606357.0,26853484537.0,22079661236.0,20845467492.0,16705654348.0,12542100222.0,5542643520.0,3694360910.0,,,
Tang_trong_ky5,19004762459.0,11400442872.0,6567369287.0,4073292478.0,4565898694.0,5015032154.0,5069574134.0,1300380819.0,1149498423.0,0.0,3151027002.0,1848282610.0,,,
Giam_trong_ky5,0.0,-61527782.0,-33600000.0,-40000000.0,-5747764158.0,-1397910334.0,-295750833.0,-66187075.0,-228058459.0,0.0,0.0,0.0,,,
Dau_tu_dai_han_khac1,700000000.0,700000000.0,15700000000.0,15702128365.0,15702128365.0,57187691074.0,15702128365.0,20409128365.0,89513000000.0,135142340000.0,171020000000.0,0.0,,,
Dau_tu_co_phieu,0.0,0.0,0.0,0.0,0.0,0.0,0.0,0.0,0.0,0.0,0.0,0.0,,,
Dau_tu_trai_phieu,0.0,0.0,0.0,0.0,0.0,0.0,0.0,0.0,0.0,0.0,20000000.0,0.0,,,
Dau_tu_tin_phieu_ky_phieu,0.0,0.0,0.0,0.0,0.0,0.0,0.0,0.0,0.0,0.0,0.0,0.0,,,
Cho_vay_dai_han,0.0,0.0,0.0,0.0,0.0,0.0,0.0,0.0,0.0,0.0,0.0,0.0,,,
Dau_tu_dai_han_khac2,700000000.0,700000000.0,15700000000.0,15702128365.0,15702128365.0,57187691074.0,15702128365.0,20409128365.0,89513000000.0,135142340000.0,171000000000.0,0.0,,,
Vay_va_no_nh,16837653470387.0,11494717393327.0,11328518776500.0,5488170638894.0,6116817325257.0,5736983436809.0,5743559817748.0,4850248888636.0,4555165544579.0,4021625285657.0,3648096119795.0,588329658721.0,,,
Vay_ngan_han1,14151319202024.0,11186394038747.0,11326247555546.0,5488170638894.0,6116817325257.0,5515438574744.0,5523878392658.0,4421192510273.0,4048441427403.0,3513894234417.0,3367117160669.0,580799390272.0,,,
Vay_dai_han_den_han_tra,2686334268363.0,308323354580.0,2271220954.0,0.0,0.0,221544862065.0,219681425090.0,429056378363.0,506724117176.0,507731051240.0,280978959126.0,7530268449.0,,,
Cac_khoan_phai_tra_ve_thue,478426384718.0,481510200714.0,378251543847.0,744422755457.0,398530099807.0,463700814724.0,387853096459.0,209932737460.0,245561340161.0,286652794503.0,295236576239.0,83384015509.0,,,
Thue_gtgt,32434143295.0,74350883643.0,102118881477.0,55534955609.0,29395378795.0,62522514742.0,31168739243.0,63038488570.0,46352522336.0,89758623878.0,43123383619.0,39113720838.0,,,
Thue_ttdb,296335504.0,241999747.0,598617287.0,1910556847.0,117580416.0,2619285971.0,2150007216.0,1944505846.0,2382175553.0,15439558365.0,11236168874.0,10398453731.0,,,
Thue_xnk,199457118.0,198446246.0,30212655.0,26560167.0,892864191.0,0.0,41473189.0,3683487535.0,7775472598.0,7918706475.0,11008957661.0,2929356425.0,,,
Thue_tndn,425268805190.0,372463071710.0,266098722450.0,672058421158.0,300528703513.0,231392387541.0,315239777566.0,126914977717.0,168012714066.0,167729483964.0,226253292148.0,28086639397.0,,,
Thue_tncn,5225653352.0,3536723610.0,2943401586.0,1616550235.0,1192733258.0,1084181596.0,821584289.0,911925456.0,2055604876.0,2363068257.0,1102401795.0,2855845118.0,,,
Thue_tai_nguyen,1801923565.0,17029601830.0,2575528366.0,5794335116.0,4675648019.0,5504672313.0,8667249873.0,5347434394.0,6157908670.0,3170972000.0,15921184.0,0.0,,,
Thue_nha_dat_va_tien_thue_dat,0.0,0.0,1569304154.0,605697378.0,57304516484.0,136419167478.0,11313731067.0,4070550435.0,3153972000.0,0.0,2397083000.0,0.0,,,
Cac_loai_thue_khac,0.0,13619484328.0,2316875872.0,6875678947.0,4422675131.0,24158605083.0,14680799603.0,4021367507.0,0.0,272381564.0,55775968.0,0.0,,,
Cac_khoan_phi_le_phi_khac,13200066694.0,69989600.0,0.0,0.0,0.0,0.0,3769734413.0,0.0,9670970062.0,0.0,43591990.0,0.0,,,
Chi_phi_phai_tra1,429777297411.0,263549362763.0,308755056470.0,159606432529.0,106756384950.0,204745212904.0,345447630212.0,332804558333.0,328305902437.0,161533736200.0,55605566843.0,0.0,,,
Trich_truoc_cf_luong_nghi_phep,0.0,0.0,0.0,0.0,0.0,0.0,0.0,0.0,0.0,0.0,0.0,0.0,,,
Chi_phi_scl_tscd,0.0,0.0,0.0,0.0,0.0,0.0,0.0,0.0,0.0,0.0,0.0,0.0,,,
Chi_phi_trongthoi_gian_ngung_kd,0.0,0.0,0.0,0.0,0.0,0.0,0.0,0.0,0.0,0.0,0.0,0.0,,,
Khac1,429777297411.0,263549362763.0,308755056470.0,159606432529.0,106756384950.0,204745212904.0,345447630212.0,332804558333.0,328305902437.0,161533736200.0,55605566843.0,0.0,,,
Phai_tra_phai_nop_khac,237391747239.0,300069780261.0,442135349194.0,140603236406.0,95876723487.0,134165173120.0,2045822283922.0,105794771676.0,401188928439.0,509640924257.0,33874093557.0,25734740673.0,,,
Tai_san_thua_cho_xl,1571432489.0,9640059107.0,0.0,82156074.0,497821990.0,821177009.0,0.0,0.0,0.0,0.0,739596909.0,403396538.0,,,
Kinh_phi_cong_doan,37005877757.0,26193773064.0,18040448533.0,12992955133.0,8788887474.0,5364206004.0,2819340463.0,1862326208.0,1361617441.0,1070984415.0,0.0,0.0,,,
Bh_xh,0.0,0.0,0.0,0.0,0.0,0.0,0.0,0.0,0.0,0.0,0.0,0.0,,,
Bhyt,0.0,0.0,0.0,0.0,0.0,0.0,0.0,0.0,0.0,0.0,0.0,0.0,,,
Phai_tra_ve_cph,0.0,0.0,0.0,0.0,0.0,0.0,0.0,746511000.0,0.0,0.0,1269940000.0,837360000.0,,,
Nhan_ky_quy_ky_cuoc_nh,0.0,18945712017.0,1495280000.0,1517880000.0,2406910000.0,24350261964.0,24861007010.0,17687736010.0,10721819000.0,1737152330.0,0.0,0.0,,,
Doanh_thu_chua_thuc_hien.1,0.0,0.0,0.0,0.0,0.0,0.0,74709180.0,4546262597.0,281244184463.0,184401296739.0,1114843223.0,743015265.0,,,
Khac2,198814436993.0,245290236073.0,422599620661.0,126010245199.0,84183104023.0,103629528143.0,2018067227269.0,80951935861.0,107861307535.0,322431490773.0,30749713425.0,23750968870.0,,,
Vay_dai_han1,19842099219720.0,12810996979972.0,1651494675275.0,972200000000.0,739000000000.0,1010863752151.0,1831823606336.0,1455708545840.0,1869049671824.0,1544868352246.0,503747790221.0,6035190854.0,,,
Vay_ngan_hang,19842099219720.0,12810996979972.0,1651494675275.0,972200000000.0,739000000000.0,1010863752151.0,1601505031426.0,1286708545840.0,1869049671824.0,1544868352246.0,503747790221.0,5872000000.0,,,
Vay_doi_tuong_khac,0.0,0.0,0.0,0.0,0.0,0.0,450000000000.0,169000000000.0,0.0,0.0,0.0,0.0,,,
Trai_phieu_phat_hanh,0.0,0.0,0.0,0.0,0.0,0.0,0.0,0.0,0.0,0.0,0.0,0.0,,,
Thue_tai_chinh,0.0,0.0,0.0,0.0,0.0,0.0,0.0,0.0,0.0,0.0,0.0,163190854.0,,,
No_dai_han_khac,0.0,0.0,0.0,0.0,0.0,0.0,-219681425090.0,0.0,0.0,0.0,0.0,0.0,,,
Von_chu_so_huu1,27610741150000.0,21239071660000.0,15170790000000.0,8428749560000.0,7329514190000.0,4819081750000.0,4190525330000.0,4190525330000.0,3178497600000.0,3178497600000.0,1963639980000.0,0.0,,,
Von_gop_cua_nha_nuoc,0.0,0.0,0.0,0.0,0.0,0.0,0.0,0.0,0.0,0.0,0.0,0.0,,,
Von_dau_tu_cua_doi_tuong_khac,27610741150000.0,21239071660000.0,15170790000000.0,8428749560000.0,7329514190000.0,4819081750000.0,4190525330000.0,4190525330000.0,3178497600000.0,3178497600000.0,1963639980000.0,0.0,,,
Doanh_thu,64677906575644.0,56580423695083.0,46854825722466.0,33884892008435.0,27864558436964.0,25851816458125.0,19200234178082.0,17122073926267.0,18092906336584.0,14492717731336.0,8244251646520.0,8502113474005.0,,,
Doanh_thu_ban_hang,62523707011126.0,54925454767158.0,46110892799656.0,33689125722170.0,27795443050696.0,25634679174075.0,18935967023955.0,17122073926267.0,17924102900875.0,14336575332277.0,7760214554715.0,8281933687372.0,,,
Doanh_thu_cung_cap_dich_vu,2154199564518.0,1654968927925.0,743932922810.0,195766286265.0,69115386268.0,217137284050.0,264267154127.0,0.0,53069923303.0,37498041780.0,192113895924.0,6195536535.0,,,
Doanh_thu_hop_dong_xay_dung,0.0,0.0,0.0,0.0,0.0,0.0,0.0,0.0,115733512406.0,118644357279.0,291923195881.0,213984250098.0,,,
Giam_tru_doanh_thu,1019713901853.0,743965315324.0,693134108162.0,601681848448.0,411626322631.0,326467635412.0,265942027551.0,295222033283.0,241009775009.0,225633914975.0,120857031774.0,137308587515.0,,,
Chiet_khau_thuong_mai,957210485501.0,704201282232.0,652148193139.0,567038718006.0,389925788211.0,281303344443.0,200412506403.0,180653811626.0,153563970246.0,152806606261.0,87564795899.0,63576599333.0,,,
Giam_gia_hang_ban,2425393504.0,714583730.0,1529249749.0,642313143.0,482370302.0,236911347.0,767780830.0,186823682.0,512497683.0,514139488.0,304331692.0,6687829805.0,,,
Hang_ban_bi_tra_lai,60078022848.0,39049449362.0,39456665274.0,34000817299.0,21218164118.0,18234547660.0,38932293233.0,67450890997.0,41731460260.0,21196509566.0,14826388405.0,39468297731.0,,,
Thue_gtgt_phai_nop,0.0,0.0,0.0,0.0,0.0,0.0,0.0,0.0,0.0,0.0,0.0,0.0,,,
Thue_tieu_thu_dac_biet,0.0,0.0,0.0,0.0,0.0,23952427729.0,18646201132.0,15920662537.0,14208885719.0,24121370606.0,17529377466.0,23628755178.0,,,
Thue_xuat_khau,0.0,0.0,0.0,0.0,0.0,2740404233.0,7183245953.0,31009844441.0,30992961101.0,26995289054.0,632138312.0,3947105468.0,,,
Gia_von,52472820451654.0,44165626148685.0,35536120578221.0,24532650438985.0,21858956167813.0,20338346539679.0,15650540636204.0,14341642566494.0,14979112891099.0,11808395972088.0,6147351692197.0,7106495501517.0,,,
Gia_von_hang_hoa_da_ban,0.0,0.0,0.0,0.0,0.0,20007944525372.0,5924836990217.0,14341642566494.0,1676149419912.0,4250826718970.0,5777158148505.0,6772038222283.0,,,
Gia_von_thanh_pham_da_ban,51076008928634.0,43262052605460.0,35077539193749.0,24408137188997.0,21753909235894.0,0.0,8473421172978.0,0.0,13158966275942.0,7478289498378.0,266013621135.0,153319584668.0,,,
Gia_von_cua_dich_vu_cung_cap,1382341103809.0,433565943235.0,320124475310.0,124513249988.0,49154581687.0,150960358214.0,188878344199.0,0.0,19376754226.0,18297729831.0,275641374412.0,2781085964.0,,,
Gia_tri_con_lai_chi_phi_nhuong_ban_thanh_ly_bds_dau_tu_da_ban,0.0,0.0,0.0,0.0,0.0,0.0,35183000651.0,0.0,0.0,0.0,0.0,0.0,,,
Chi_phi_kinh_doanh_bds_dau_tu,18923757872.0,541121383752.0,138446218751.0,0.0,0.0,0.0,1018860798210.0,0.0,56505384682.0,60439548308.0,0.0,0.0,,,
Hao_hut_mat_mat_hang_ton_kho,0.0,0.0,0.0,0.0,0.0,0.0,0.0,0.0,0.0,0.0,0.0,0.0,,,
Cac_khoan_chi_phi_vuot_muc_binh_thuong,0.0,0.0,0.0,0.0,0.0,0.0,0.0,0.0,0.0,0.0,0.0,0.0,,,
Du_phong,-4453338661.0,-71113783762.0,10690411.0,0.0,55892350232.0,179441656093.0,9360329949.0,0.0,68115056337.0,542476601.0,-171461451855.0,178356608602.0,,,
Doanh_thu_tai_chinh,471053832011.0,294408270741.0,186215464700.0,197181167853.0,248607642113.0,160287779327.0,276278618993.0,164624612181.0,329278942087.0,204711471331.0,0.0,149814918227.0,,,
Lai_tien_gui_tien_cho_vay,276783283933.0,163434005510.0,108744716493.0,138365096129.0,121207483294.0,110130305664.0,104575514366.0,69159064148.0,174247370369.0,153684998163.0,0.0,104203668150.0,,,
Lai_dau_tu_trai_phieu_ky_phieu_tin_phieu,0.0,0.0,0.0,0.0,0.0,0.0,0.0,0.0,0.0,0.0,0.0,0.0,,,
Co_tuc_loi_nhuan_duoc_chia,0.0,0.0,0.0,0.0,0.0,0.0,0.0,0.0,0.0,0.0,0.0,0.0,,,
Lai_ban_ngoai_te,0.0,0.0,0.0,0.0,0.0,0.0,0.0,0.0,0.0,0.0,0.0,0.0,,,
Lai_chenh_lech_ty_gia_da_thuc_hien,177270502599.0,115851955886.0,60033233785.0,54165326274.0,121667462970.0,49742769102.0,28502845950.0,32327219920.0,113737387796.0,42991659528.0,0.0,34373391362.0,,,
Lai_chenh_lech_ty_gia_chua_thuc_hien,15303987880.0,7311244552.0,7022061539.0,182909164.0,5628405343.0,239451691.0,297821748.0,1360532817.0,34766367178.0,142298822.0,0.0,0.0,,,
Lai_ban_hanh_tra_cham,0.0,0.0,0.0,3023916000.0,0.0,0.0,0.0,0.0,0.0,0.0,0.0,0.0,,,
Doanh_thu_hoat_dong_tai_chinh_khac,1696057599.0,7811064793.0,10415452883.0,1443920286.0,104290506.0,175252870.0,142902436929.0,61777795296.0,6527816744.0,7892514818.0,0.0,11237858715.0,,,
Chi_phi_tai_chinh1,1181675710916.0,772317161901.0,555756583746.0,367986756135.0,566233897606.0,563834231079.0,528408903958.0,585024105173.0,1069830704860.0,693801025720.0,281066057342.0,170814160131.0,,,
Lai_tien_vay,936710218359.0,539861243640.0,479707569855.0,279951879407.0,251337896345.0,350628944467.0,370947849826.0,526970967624.0,765583007409.0,413090188796.0,76177480256.0,74436977629.0,,,
Chiet_khau_thanh_toan_lai_ban_hang_tra_cham,12037994693.0,13562300498.0,13251530000.0,15956528828.0,14262620720.0,13132259311.0,10991021005.0,0.0,9064437774.0,0.0,0.0,0.0,,,
Lo_do_thanh_ly_cac_khoan_dau_tu_ngan_han_dai_han,0.0,0.0,0.0,0.0,0.0,0.0,0.0,0.0,12806773689.0,236815439.0,0.0,0.0,,,
Lo_ban_ngoai_te,0.0,0.0,0.0,0.0,0.0,0.0,0.0,0.0,0.0,0.0,0.0,0.0,,,
Lo_chenh_lech_ty_gia_da_thuc_hien,188554340708.0,165195158549.0,56460231285.0,49342493176.0,278414394260.0,112552603047.0,83009497041.0,32327219920.0,162216188631.0,181662493756.0,195601599372.0,94519833437.0,,,
Lo_chenh_lech_ty_gia_chua_thuc_hien,39487502736.0,37222114032.0,2300926078.0,22306573470.0,18794903110.0,82788853465.0,10053130438.0,1360532817.0,109117379934.0,77767831494.0,0.0,1827349065.0,,,
Du_phong_giam_gia_cac_khoan_dau_tu_ngan_han_dai_han,0.0,0.0,0.0,0.0,0.0,0.0,0.0,0.0,0.0,0.0,0.0,0.0,,,
Chi_phi_tai_chinh_khac,4885654420.0,16476345182.0,4036326528.0,429281254.0,3424083171.0,4731570789.0,53407405648.0,24365384812.0,11042917423.0,21043696235.0,9286977714.0,30000000.0,,,
Chi_phi_san_xuat_theo_yeu_to,54770006281215.0,46701963367260.0,37356194337094.0,26749655060536.0,22858782062174.0,0.0,17537226788813.0,14778553451642.0,17256207882818.0,15511829780546.0,6373939881500.0,0.0,,,
Chi_phi_nguyen_lieu_vat_lieu,43216883256386.0,36585746491178.0,27872769613293.0,18943444685420.0,16170135182988.0,0.0,13937102306181.0,11460355982964.0,11603585291162.0,13282403724614.0,5482631964590.0,0.0,,,
Chi_phi_nhan_cong,1857975662793.0,1584989943790.0,1424837060398.0,1137035181444.0,914533110388.0,0.0,592780194503.0,530032080739.0,466706171366.0,319885592798.0,175224179371.0,0.0,,,
Chi_phi_khau_hao_tai_san_co_dinh,2566183420309.0,2259594298268.0,1984032269593.0,1653122522201.0,1281591263404.0,0.0,720195566311.0,596227337059.0,541922822267.0,358821928950.0,193388961996.0,0.0,,,
Chi_phi_dich_vu_mua_ngoai,3775041395046.0,2639853534460.0,2882218747940.0,2099266984319.0,1509002431952.0,0.0,1085670258288.0,1540952035136.0,1335847084764.0,511808812833.0,359883208556.0,0.0,,,
Chi_phi_khac_bang_tien,3353922546681.0,3631779099564.0,3192336645870.0,2916785687152.0,2983520073442.0,0.0,1201478463530.0,650986015744.0,3308146513259.0,1038909721351.0,162811566987.0,0.0,,,
Khau_hao,-12981640398871.0,-10545521664769.0,-8327073828065.0,-6443591893950.0,-5080815178689.0,-3948192974131.0,-2936334747660.0,-2277808290921.0,-1702398352063.0,-1162668076673.0,-780715138628.0,-576594685750.0,-401077866741.0,-111473673769.0,-77970662804.0
Dau_tu_nam_giu_den_ngay_dao_han,1374340352910.0,3724562710535.0,9936707080033.0,693498769815.0,758094875121.0,0.0,0.0,0.0,0.0,0.0,0.0,0.0,0.0,0.0,0.0
Phai_thu_ve_cho_vay_ngan_han,0.0,0.0,0.0,0.0,0.0,0.0,0.0,0.0,0.0,0.0,0.0,0.0,0.0,0.0,0.0
Tai_san_thieu_cho_xu_ly1,1499822947.0,4940428672.0,1376259056.0,857388807.0,1005987038.0,0.0,0.0,0.0,0.0,0.0,0.0,0.0,0.0,0.0,0.0
Giao_dich_mua_ban_lai_trai_phieu_chinh_phu,0.0,0.0,0.0,0.0,0.0,0.0,0.0,0.0,0.0,0.0,0.0,0.0,0.0,0.0,0.0
Tra_truoc_nguoi_ban_dai_han,0.0,0.0,0.0,0.0,0.0,0.0,0.0,0.0,0.0,0.0,0.0,0.0,0.0,0.0,0.0
Von_kinh_doanh_o_cac_don_vi_truc_thuoc,0.0,0.0,0.0,0.0,0.0,0.0,0.0,0.0,0.0,0.0,0.0,0.0,0.0,0.0,0.0
Phai_thu_ve_cho_vay_dai_han,4910346000.0,0.0,0.0,2500000000.0,5000000000.0,0.0,0.0,0.0,0.0,0.0,0.0,0.0,0.0,0.0,0.0
Tai_san_do_dang_dai_han,37435320467014.0,38107320507117.0,5468751412626.0,1154980172259.0,4342159437952.0,0.0,0.0,0.0,0.0,0.0,0.0,0.0,0.0,0.0,0.0
Chi_phi_san_xuat_kinh_doanh_do_dang_dai_han,750146398723.0,910420483699.0,742673512829.0,47019409284.0,2970929067.0,0.0,0.0,0.0,0.0,0.0,0.0,0.0,0.0,0.0,0.0
Xay_dung_co_ban_do_dang1,36685174068291.0,37196900023418.0,4726077899797.0,1107960762975.0,4339188508885.0,0.0,0.0,0.0,0.0,0.0,0.0,0.0,0.0,0.0,0.0
Dau_tu_nam_giu_den_ngay_dao_han1,46525530257.0,65884926457.0,1251738400.0,59890620768.0,83037014980.0,0.0,0.0,0.0,0.0,0.0,0.0,0.0,0.0,0.0,0.0
Thiet_bi_vat_tu_phu_tung_thay_the_dai_han,0.0,0.0,0.0,0.0,0.0,0.0,0.0,0.0,0.0,0.0,0.0,0.0,0.0,0.0,0.0
Doanh_thu_chua_thuc_hien_ngan_han,27406111996.0,9929720982.0,2863469241.0,5433344113.0,14311517049.0,0.0,0.0,0.0,0.0,0.0,0.0,0.0,0.0,0.0,0.0
Quy_binh_on_gia,0.0,0.0,0.0,0.0,0.0,0.0,0.0,0.0,0.0,0.0,0.0,0.0,0.0,0.0,0.0
Giao_dich_mua_ban_lai_trai_phieu_chinh_phu1,0.0,0.0,0.0,0.0,0.0,0.0,0.0,0.0,0.0,0.0,0.0,0.0,0.0,0.0,0.0
Nguoi_mua_tra_tien_truoc_dai_han,0.0,0.0,0.0,0.0,0.0,0.0,0.0,0.0,0.0,0.0,0.0,0.0,0.0,0.0,0.0
Chi_phi_phai_tra_dai_han,427328992030.0,451100573027.0,386454362041.0,280768142325.0,181520840109.0,0.0,0.0,0.0,0.0,0.0,0.0,0.0,0.0,0.0,0.0
Phai_tra_noi_bo_ve_von_kinh_doanh,0.0,0.0,0.0,0.0,0.0,0.0,0.0,0.0,0.0,0.0,0.0,0.0,0.0,0.0,0.0
Trai_phieu_chuyen_doi,0.0,0.0,0.0,0.0,0.0,0.0,0.0,0.0,0.0,0.0,0.0,0.0,0.0,0.0,0.0
Co_phieu_uu_dai,0.0,0.0,0.0,0.0,0.0,0.0,0.0,0.0,0.0,0.0,0.0,0.0,0.0,0.0,0.0
Co_phieu_pho_thong,27610741150000.0,21239071660000.0,15170790000000.0,8428749560000.0,7329514190000.0,4819081750000.0,4190525330000.0,4190525330000.0,3178497600000.0,3178497600000.0,1963639980000.0,1963639980000.0,1320000000000.0,300000000000.0,300000000000.0
Co_phieu_uu_dai1,0.0,0.0,0.0,0.0,0.0,0.0,0.0,0.0,0.0,0.0,0.0,0.0,0.0,0.0,0.0
Quyen_chon_chuyen_doi_trai_phieu,0.0,0.0,0.0,0.0,0.0,0.0,0.0,0.0,0.0,0.0,0.0,0.0,0.0,0.0,0.0
Lnst_chua_phan_phoi_luy_ke_den_cuoi_ky_truoc,8349470883074.0,6553423653491.0,5390356963349.0,3317122322348.0,2455676950702.0,0.0,0.0,0.0,0.0,0.0,0.0,0.0,0.0,0.0,0.0
Lnst_chua_phan_phoi_ky_nay,7527442867874.0,8573014210414.0,8006672113847.0,6169229311000.0,3093655405400.0,4094767826367.0,2643370909871.0,1392723430940.0,1539869803156.0,756654573637.0,1154638925396.0,415743316148.0,449746351427.0,30487653894.0,-41040383762.0
Loi_the_thuong_mai1,61185171517.0,88234324237.0,54405476957.0,74833965963.0,91091275203.0,0.0,0.0,0.0,0.0,0.0,0.0,0.0,0.0,0.0,0.0
Loi_ich_co_dong_khong_kiem_soat,163213679327.0,126961469222.0,110613825490.0,105687700335.0,22916810301.0,0.0,0.0,0.0,0.0,0.0,0.0,0.0,0.0,0.0,0.0
Nguon_kinh_phi_da_hinh_thanh_tscd,0.0,0.0,0.0,0.0,0.0,0.0,0.0,0.0,0.0,0.0,0.0,0.0,0.0,0.0,0.0
Du_phong_nghiep_vu_bao_hiem_tu_2014,0.0,0.0,0.0,0.0,0.0,0.0,0.0,0.0,0.0,0.0,0.0,0.0,0.0,0.0,0.0
Lai_lo_tu_cong_ty_lien_doanh,-1431313615.0,0.0,-159611603.0,-534948182.0,-190801524.0,0.0,0.0,0.0,0.0,0.0,0.0,0.0,0.0,0.0,0.0
Cac_khoan_dieu_chinh_khac,0.0,0.0,0.0,0.0,0.0,0.0,0.0,0.0,0.0,0.0,0.0,0.0,0.0,,
Tang_giam_chung_khoan_kinh_doanh,0.0,0.0,0.0,0.0,0.0,0.0,0.0,0.0,0.0,0.0,0.0,0.0,0.0,,
Dau_tu_nam_giu_den_ngay_dao_han2,1374340352910.0,3724562710535.0,9936707080033.0,693498769815.0,758094875121.0,0.0,0.0,0.0,0.0,0.0,0.0,0.0,,,
Ngan_han,1374340352910.0,3724562710535.0,9936707080033.0,693498769815.0,758094875121.0,0.0,0.0,0.0,0.0,0.0,0.0,0.0,,,
Dai_han,0.0,0.0,0.0,0.0,0.0,0.0,0.0,0.0,0.0,0.0,0.0,0.0,,,
Gia_goc_loi_the_thuong_mai,270687477779.0,270687477779.0,210807477779.0,211190371418.0,91091275203.0,1284608877913.0,1230496934863.0,1236284897482.0,0.0,0.0,0.0,0.0,,,
So_du_dau_ky,270687477779.0,210807477779.0,210611527114.0,206244396684.0,91091275203.0,1230496934863.0,1236284897482.0,1212564781169.0,0.0,0.0,0.0,0.0,,,
Tang_trong_ky6,0.0,59880000000.0,195950665.0,4945974734.0,0.0,54111943050.0,0.0,23720116313.0,0.0,0.0,0.0,0.0,,,
Giam_trong_ky6,0.0,0.0,0.0,0.0,0.0,0.0,-5787962619.0,0.0,0.0,0.0,0.0,0.0,,,
Phan_bo_luy_ke,209502306262.0,182453153543.0,156402000822.0,136356405455.0,0.0,902526795426.0,657640013825.0,384207824818.0,0.0,0.0,0.0,0.0,,,
So_du_dau_ky.1,182453153542.0,156402000823.0,135777561151.0,115153121481.0,0.0,657640013825.0,384207824818.0,259115806378.0,0.0,0.0,0.0,0.0,,,
Tang_trong_ky7,27049152720.0,26051152720.0,20624439671.0,21203283974.0,0.0,244886781601.0,275023878726.0,126658338296.0,0.0,0.0,0.0,0.0,,,
Giam_trong_ky7,0.0,0.0,0.0,0.0,0.0,0.0,-1591689719.0,-1566319856.0,0.0,0.0,0.0,0.0,,,
Lai_tu_ban_thanh_ly_cac_khoan_dau_tu,0.0,0.0,0.0,0.0,0.0,0.0,0.0,0.0,0.0,0.0,0.0,0.0,,,
Gia,30800.0,47600.0,44000.0,28800.0,53000.0,41100.0,21100.0,17000.0,38500.0,61000.0,31000.0,95500.0,127000.0,,
Nn_mua,323717092.0,354065826.0,242776080.0,117276120.0,86174101.0,67456979.0,73410534.0,39471355.0,25100860.0,35439230.0,40762271.0,27446630.0,1172040.0,,
Nn_ban,354145999.0,393473296.0,164430780.0,144074600.0,106920211.0,75933669.0,43347304.0,30410545.0,26001550.0,19636410.0,26702711.0,16445510.0,267700.0,,
Gt_nn_mua,8451360560000.0,16265150700000.0,8816544720000.0,4497967018000.0,2985679368000.0,3567895362000.0,2159262722000.0,888700642000.0,764197002000.0,1600677476000.0,2287752722000.0,1661594949000.0,124095395000.0,,
Gt_nn_ban,8972575590000.0,18293477860000.0,5984986560000.0,5390742124000.0,3726679322000.0,4061527839000.0,1275041747000.0,686704268000.0,766986484000.0,865901649000.0,1599509368000.0,845691953000.0,26294655000.0,,
So_co_phieu,2761074115.0,2123907166.0,1517079000.0,842874956.0,732951419.0,481908175.0,419052533.0,419052533.0,317849760.0,317849760.0,196363998.0,196363998.0,132000000.0,30000000.0,30000000.0
So_co_phieu_trung_binh,2442490640.5,1820493083.0,1179976978.0,787913187.5,607429797.0,450480354.0,419052533.0,368451146.5,317849760.0,257106879.0,196363998.0,164181999.0,81000000.0,30000000.0,30000000.0
EPS,3081.8717349652006,4709.171537354311,6785.447735953201,8379.225154512344,5738.050687442651,6979.777959353582,4663.347394377879,2697.8456489509117,3890.0067832141826,5248.065016471223,6477.193543966241,5202.707721813035,7950.291692493827,2397.634588533333,90.94309286666666
PE,9.993926629249476,10.107935041742492,6.484465242707968,3.4370719808729278,9.236586235807751,5.888439466032295,4.5246468288933634,6.3013241719779804,9.897154978271976,11.623331610517305,4.786023420417583,18.355826447755984,15.974256657765846,,
EBIT,8730248116621.0,9660448821359.0,8872250309579.0,7374986614849.0,4857191873158.0,4317067200339.0,2528834872838.0,1770538447729.0,1914908323064.0,1857762648189.0,1660592727863.0,1024653235872.0,811496659168.0,88012444039.0,-4066216529.0
Bien_ebit,13.71425695567284,17.301328024165947,19.219941902713504,22.158279142542547,17.692798178822187,16.912862701008738,13.355845852241593,10.522101573065076,10.726638015513213,13.021320068636465,20.44210341386848,12.249577243898633,14.380756316162262,6.673257055860216,
Bien_lai_gop,17.570986156416883,20.901813205446306,23.018157837158817,26.29121313400804,20.37660648859952,20.3209849121376,17.342879724367776,14.769306476906795,16.0923163573526,17.233289408824113,24.32533462011049,15.04290180163432,17.12800488400093,9.593533595054016,1.6846346711684377
EBITDA,11323480689650.0,11920043119627.0,10876907018843.0,9049312421024.0,6138783136562.0,5426585633009.0,3249030439149.0,2366765784788.0,2456831145331.0,2216584577139.0,1854637547033.0,1201454669858.0,927788831542.0,,
Ty_le_khau_hao,7.724079325499929,15.24182614521765,13.349323723807506,11.82255055625986,13.737622813700217,11.48807018023766,7.514018951955771,12.187815918818512,10.984278983108906,8.271375747060247,18.126073121599298,16.76685282217609,11.838242374427244,,
Bien_lai_rong,11.904592194539438,15.40310928700439,17.362354596997672,19.848454206111885,12.76505720111909,12.733281777179437,10.617959133542888,6.124172460011202,7.2644970757302225,9.646793307541154,15.642556882689764,10.274122638066958,11.41203441889707,5.453785124367635,0.3001395934522357
BV,47623422464368.0,40495988371588.0,32286966386420.0,19744573377629.0,14443793575009.0,11795984026356.0,9500327254417.0,8085135114809.0,7413804561023.0,6398095940358.0,4898775649293.0,4111066885721.0,3142550739733.0,330810115078.0,258959616238.0
BVPS,17248.150712668572,19066.741249267958,21282.32371974037,23425.269949091948,19706.345059970477,24477.65910249603,22670.969642884847,19293.84618421815,23324.870722013446,20129.308703451592,24947.422639525805,20935.950212833817,23807.20257373485,11027.003835933336,8631.987207933333
PB,1.7856986823159977,2.4964937310316486,2.067443413577433,1.2294415416594329,2.689489087839986,1.6790821306849952,0.9307056703956248,0.8811099579463604,1.6505986446332,3.0304070993526113,1.2426133331659162,4.561531672990802,5.334520072514188,,
PS,4.838340315099898e-10,8.524895987539073e-10,9.531713085307696e-10,8.653011491849212e-10,1.93057702467887e-09,1.6101640876863684e-09,1.1143801855517617e-09,1.0102899881758746e-09,2.1566336028894905e-09,4.275575919028898e-09,3.816138630484259e-09,1.1416883154590024e-08,2.250602059194068e-08,,
Von_hoa,85041082742000.0,101097981101600.0,66751476000000.0,24274798732800.0,38846425207000.0,19806425992500.0,8842008446300.0,7123893061000.0,12237215760000.0,19388835360000.0,6087283938000.0,18752761809000.0,16764000000000.0,,
EV,134485576446001.0,136182421796258.0,83111438611652.0,33092429258976.0,47513722166370.0,27903910178989.0,20206103898733.0,16267605276909.0,20733883519014.0,26507327292120.0,9711399975339.0,19536641825862.0,17898041570470.0,,
NCAV,-22439297935773.0,-20120532356679.0,-14255080679640.0,-7426359521405.0,-7620070914820.0,-6990499154541.0,-9017199012254.0,-6067515786805.0,-5582181988030.0,-5089304639183.0,-3084622113487.0,-746112334229.0,-869064189942.0,-297375469847.0,-350927387587.0
Chi_phi_hoat_dong,2.2657561106095176,2.0073518980356893,2.174413436259281,2.6876654148024928,4.316379443248371,3.813080643708716,3.5376435880715777,5.116860010926934,3.4683796294099354,3.1811148459682967,3.951447066283345,2.9273499820478177,3.4684728497249244,0.7954827105233392,1.104773534250301
ROA,7.396086151606926,10.959709253931608,15.100607693425774,19.869958029675733,13.664854764217866,14.234406200206694,8.468346070171718,5.22737004194511,7.0554070541721225,9.053573264769945,12.416848784840528,15.146909407421974,13.537973605314269,10.164990459486626,0.3890313303362268
ROE,15.752192402157974,21.103869226654517,24.713796714063193,33.25952225183108,24.092989155214305,26.655282331221663,20.5696865543704,12.294467665918312,16.677506296070867,21.089299531486873,25.963377610414987,20.777841317709232,20.49206776361275,21.74330057563089,1.0535591709761143
Vong_quay_tai_san,0.8138039506431859,1.0530772847870724,1.3893012784674728,1.3048775373264052,1.2428268534537548,1.106124582228462,0.9957155908475748,0.960180099574258,1.1978197757598992,1.3928292055603235,1.4404779368944027,1.7584960470862152,7.974578445641536,1.8806147173057453,
IC,84466388833802.0,64928664214109.0,45377593663685.0,26310631716858.0,21322527710567.0,18543831215316.0,17075710678501.0,14391092549285.0,13838019777426.0,11964589578261.0,9050619559309.0,4705431735296.0,,,
Working_IC,78501354012046.0,58621899441660.0,31159292890563.0,20979608096422.0,18089125515311.0,15949724127817.0,14541339317596.0,12850428837578.0,12501066350425.0,9918388944426.0,6321998905991.0,3080221642151.0,,,
ROIC,12.733431998925562,21.519983351550582,34.033131276755164,37.75390668221796,28.539107073723354,28.31693429169949,18.464195947572165,13.967921296940824,17.082558856849573,22.87830395800921,35.323415768866525,33.265568355543984,,,
No_chiem_dung,17309641266098.0,13294343456816.0,7644591114566.0,6915920601027.0,4184241474978.0,3545273182487.0,6000667184188.0,4624670912261.0,3686663248649.0,2939068653838.0,1192620429776.0,933942813029.0,,,
Chi_so_tien_mat,0.21935951418231725,0.2756732035260632,0.7668229873161131,0.438227001749761,0.31331022869414393,0.2809120733889104,0.22554285257494974,0.2057108479282964,0.160140451168234,0.2179437267751608,0.35631725368794925,0.9906662028063882,0.5245423776568471,0.03006520770677532,0.006973379278277592
Chi_so_thanh_toan_nhanh,0.40602541914755297,0.4912668129244915,1.1433689693131412,0.6500874142514526,0.4710497868743057,0.4596706623514638,0.38928894922689655,0.4581346767535379,0.4606483048366542,0.5404664772143943,0.6227636103578998,1.4718497494637248,1.2252977951159494,0.4200175405240871,0.19739467269824146
Chi_so_thanh_toan_hien_hanh,1.1279540973522568,1.1180667099062267,1.7855591587178816,1.5171260750955613,1.1923723157186197,1.302666789900673,1.1130797859503596,1.3883150196166831,1.4271475260361763,1.2818572528792112,1.184601699859389,3.0636912252762447,2.472047531287084,1.0287374039639596,0.7885186910516728
Dau_tu_tscd_rong,-20798434002627.0,-27529295993302.0,-8868043638231.0,-3389177454818.0,-3354211885090.0,-1143340494937.0,-2909706299950.0,-1776656476180.0,-1709280809917.0,-802219021983.0,-1448796815405.0,-461789061950.0,-108055933040.0,,
Dau_tu_tai_chinh_rong,2364671407825.0,6031563320637.0,-9222902839457.0,261042540738.0,-409562481235.0,-215549275439.0,-559082357802.0,-305382501965.0,274549714947.0,-770174397175.0,-636556113585.0,-501010779000.0,-1201370000000.0,,
Dau_tu_khac,369546551545.0,964598701721.0,165181350851.0,0.0,0.0,108806447497.0,216323405644.0,422370705910.0,497732708684.0,151138423462.0,124381972938.0,304051281762.0,14350920590.0,,
Dong_tien_tu_do,-13083265308511.0,-19886951842571.0,-2809721285861.0,3429542472030.0,1188737655881.0,1618932823412.0,324126414270.0,492721174547.0,-1405087801573.0,-404008355716.0,-1530834534115.0,160217263474.0,-411480150152.0,,
Ty_le_co_tuc_tien_mat,0.0005177853673744712,0.0003250876635711996,0.0003181847791101565,0.13991528204520629,0.08901776259635813,0.15127217286483485,0.10034450181213916,0.09819212588038452,0.0009010157075468613,0.2481402101975653,0.2008715435372221,0.26792897069428423,0.2703379515185185,,
Ty_le_co_tuc_so_voi_dong_tien_tu_do,-0.0009666439407731717,-0.00029759203299980895,-0.0013362560763209234,0.3214454894647989,0.4548694255270816,0.4209263102027912,1.2973215327638283,0.7342692627562108,-0.00203821872255519,-1.5791394929254277,-0.2576629837803024,2.745591395382841,-0.5321611276974394,,
Ty_le_tien_va_dau_tu_tai_chinh_tren_tts,0.058159476247048224,0.07977422540748756,0.2678378700182721,0.1580711544583847,0.12274611077596982,0.11466840001118045,0.10890426899111956,0.07964156775243532,0.060736282017671964,0.08973687576789274,0.15880019822978902,0.2206989934049816,0.13986784647625894,0.013026553790732512,0.0035139312705598905
So_ngay_phai_thu,19.0,31.0,35.0,22.0,22.0,24.0,31.0,38.0,38.0,34.0,36.0,32.0,29.0,25.0,26.0
So_ngay_phai_tra,46.0,42.0,31.0,34.0,30.0,30.0,36.0,26.0,19.0,17.0,16.0,13.0,12.0,19.0,35.0
So_ngay_ton_kho,95.0,84.0,87.0,95.0,97.0,110.0,142.0,142.0,111.0,90.0,101.0,77.0,56.0,54.0,83.0
Chu_ky_tien_mat,68.0,73.0,91.0,83.0,89.0,104.0,137.0,154.0,130.0,107.0,121.0,96.0,73.0,60.0,74.0
Tong_no_vay,36679752690107.0,24305714373299.0,12980013451775.0,6460370638894.0,6855817325257.0,6747847188960.0,7575383424084.0,6305957434476.0,6424215216403.0,5566493637903.0,4151843910016.0,594364849575.0,,,
No_vay_rong,30760512084993.0,18065534527307.0,-1221335582947.0,1208211155334.0,3724960609271.0,4214924929984.0,5062267361985.0,4791512220389.0,5359831125861.0,4229085910642.0,2525215369234.0,-650239436674.0,,,
VCSH,47623422464368.0,40495988371588.0,32286966386420.0,19744573377629.0,14443793575009.0,11795984026356.0,9500327254417.0,8085135114809.0,7413804561023.0,6398095940358.0,4898775649293.0,4111066885721.0,3142550739733.0,330810115078.0,258959616238.0
Ty_le_no,0.7702040464973073,0.6002005470337377,0.4020202237778039,0.3271972767066079,0.4746548951737375,0.5720461450170797,0.7973813134239104,0.7799445952270854,0.8665207132890146,0.8700234710127731,0.8475268530852605,0.1445767889691632,,,
F_score,3.0,3.0,5.0,8.0,6.0,8.0,8.0,4.0,4.0,3.0,3.0,5.0,6.0,5.0,0.0
EPS_cong_don,,,,,,,,,,,,,,,
EBIT_cong_don,,,,,,,,,,,,,,,
