,2019A,2018A,2017A,2016A,2015A,2014A,2013A,2012A,2010A,2009A,2008A
Ticker,KTL,KTL,KTL,KTL,KTL,KTL,KTL,KTL,KTL,KTL,KTL
San,UPCOM,UPCOM,UPCOM,UPCOM,UPCOM,UPCOM,UPCOM,UPCOM,UPCOM,UPCOM,UPCOM
Yearreport,2019A,2018A,2017A,2016A,2015A,2014A,2013A,2012A,2010A,2009A,2008A
Kiemtoan,True,True,True,True,True,True,True,True,True,True,True
Tai_san_ngan_han,454510172344.0,509865760058.0,595068408681.0,612621943183.0,696281807337.0,801846755412.0,775764892724.0,708542096694.0,468726457076.0,455671672608.0,463136078689.0
Tien_va_tuong_duong_tien,19416659992.0,21908385495.0,22997437660.0,6895208501.0,13443447380.0,4410360812.0,4003591986.0,4364155132.0,31808460562.0,110560824998.0,26164938587.0
Tien,19416659992.0,11894655742.0,2497437660.0,6895208501.0,13443447380.0,4410360812.0,4003591986.0,4364155132.0,31808460562.0,25386395079.0,26164938587.0
Cac_khoan_tuong_duong_tien,0.0,10013729753.0,20500000000.0,0.0,0.0,0.0,0.0,0.0,0.0,85174429919.0,0.0
Gia_tri_thuan_dau_tu_ngan_han,3462500000.0,3128682370.0,462500000.0,462500000.0,0.0,0.0,0.0,0.0,0.0,59580000000.0,71947365311.0
Dau_tu_ngan_han,462500000.0,462500000.0,462500000.0,462500000.0,0.0,0.0,0.0,0.0,0.0,59580000000.0,71947365311.0
Du_phong_dau_tu_ngan_han,0.0,0.0,0.0,0.0,0.0,0.0,0.0,0.0,0.0,0.0,0.0
Cac_khoan_phai_thu,151462270786.0,133593512222.0,147083801321.0,151313493745.0,201662231146.0,261362537498.0,252572726926.0,237481541822.0,120980756611.0,106550915482.0,120326614036.0
Phai_thu_khach_hang,121077901015.0,117018273579.0,123245750390.0,123499125647.0,119913783390.0,110593757601.0,86898634813.0,101282647618.0,0.0,92454902609.0,90505056173.0
Tra_truoc_nguoi_ban,32635751850.0,15133597964.0,19713357065.0,14918754954.0,54113003158.0,46232723587.0,38267910426.0,26749056528.0,0.0,13264558027.0,27264611699.0
Phai_thu_noi_bo,0.0,0.0,0.0,0.0,0.0,0.0,0.0,0.0,0.0,0.0,0.0
Phai_thu_ve_xdcb,0.0,0.0,0.0,0.0,0.0,0.0,0.0,0.0,0.0,0.0,0.0
Phai_thu_khac,6309812244.0,4857505347.0,7540558534.0,16311477812.0,30698910581.0,107951920978.0,130822046355.0,112865702344.0,120980756611.0,3485910903.0,2556946164.0
Du_phong_no_kho_doi,-8561194323.0,-3415864668.0,-3415864668.0,-3415864668.0,-3415864668.0,-3415864668.0,-3415864668.0,-3415864668.0,0.0,-2654456057.0,0.0
Hang_ton_kho_rong,272208619304.0,343269018727.0,412001079668.0,440977426401.0,473686316391.0,525529989966.0,506926074625.0,460343263438.0,306108590168.0,176560274285.0,243518674948.0
Hang_ton_kho,272208619304.0,343269018727.0,412001079668.0,440977426401.0,473686316391.0,525529989966.0,506926074625.0,460343263438.0,306108590168.0,176560274285.0,243518674948.0
Du_phong_giam_gia_htk,0.0,0.0,0.0,0.0,0.0,0.0,0.0,0.0,0.0,0.0,0.0
Tai_san_luu_dong_khac,7960122262.0,7966161244.0,12523590032.0,12973314536.0,7489812420.0,10543867136.0,12262499187.0,6353136302.0,9828649735.0,2419657843.0,1178485807.0
Tra_truoc_ngan_han,5559967558.0,6604152289.0,11223461788.0,11598997774.0,5930865128.0,6281712961.0,4953365959.0,316085454.0,0.0,0.0,387694826.0
Thue_vat_phai_thu,1026619746.0,0.0,367437161.0,889050642.0,128639513.0,1185175091.0,736297614.0,358187114.0,0.0,110631352.0,0.0
Phai_thu_thue_khac,1373534958.0,1362008955.0,932691083.0,485266120.0,1430307779.0,1670839629.0,3291449074.0,4307837316.0,0.0,0.0,0.0
Tai_san_luu_dong_khac1,0.0,0.0,0.0,0.0,0.0,1406139455.0,3281386540.0,1371026418.0,9828649735.0,2309026491.0,790790981.0
Tai_san_dai_han,604561101239.0,590738541742.0,574887622336.0,586753002522.0,587185289054.0,452482801992.0,506098357200.0,524261863291.0,555886481641.0,482741502623.0,414690475387.0
Phai_thu_dai_han,2883784000.0,2165784000.0,1895784000.0,1835784000.0,615000000.0,0.0,0.0,0.0,0.0,0.0,0.0
Phai_thu_khach_hang_dai_han,0.0,0.0,0.0,0.0,0.0,0.0,0.0,0.0,0.0,0.0,0.0
Phai_thu_noi_bo_dai_han,0.0,0.0,0.0,0.0,0.0,0.0,0.0,0.0,0.0,0.0,0.0
Phai_thu_dai_han_khac,2883784000.0,2165784000.0,1895784000.0,1835784000.0,615000000.0,0.0,0.0,0.0,0.0,0.0,0.0
Du_phong_phai_thu_dai_han,0.0,0.0,0.0,0.0,0.0,0.0,0.0,0.0,0.0,0.0,0.0
Tai_san_co_dinh,261938278655.0,243347645884.0,222904081084.0,212907574696.0,191361414847.0,355227862241.0,405885667945.0,416306463327.0,437879018425.0,378636848507.0,313785797587.0
Gtcl_tscd_huu_hinh,200707059287.0,208474542507.0,202856602693.0,193276381153.0,164913190298.0,162772267340.0,183495492795.0,213094878318.0,437879018425.0,229773235238.0,229916107434.0
Nguyen_gia_tscd_huu_hinh,684255736551.0,681342268256.0,651711410267.0,653323394319.0,619177307953.0,599050272310.0,601453343898.0,606332438378.0,437879018425.0,492048441864.0,443585287293.0
Khau_hao_luy_ke_tscd_huu_hinh,-483548677264.0,-472867725749.0,-448854807574.0,-460047013166.0,-454264117655.0,-436278004970.0,-417957851103.0,-393237560060.0,0.0,-262275206626.0,-213669179859.0
Gtcl_tai_san_thue_tai_chinh,58350525683.0,31436979792.0,16731672096.0,17084367088.0,7369571989.0,10312444885.0,11192411907.0,0.0,0.0,0.0,0.0
Nguyen_gia_tai_san_thue_tai_chinh,76932697535.0,43220186075.0,34264881677.0,27941898713.0,13868975344.0,13868975344.0,11993606370.0,0.0,0.0,0.0,0.0
Khau_hao_luy_ke_tai_san_thue_tai_chinh,-18582171852.0,-11783206283.0,-17533209581.0,-10857531625.0,-6499403355.0,-3556530459.0,-801194463.0,0.0,0.0,0.0,0.0
Gtcl_tai_san_co_dinh_vo_hinh,2880693685.0,3436123585.0,3315806295.0,2546826455.0,19078652560.0,18896658898.0,18387907181.0,17907075751.0,0.0,17907075751.0,17907075751.0
Nguyen_gia_tscd_vo_hinh,5029446416.0,5029446416.0,4397578916.0,3244822916.0,19482165751.0,19049615751.0,19306685506.0,18808045506.0,0.0,18808045506.0,18808045506.0
Khau_khao_luy_ke_tscd_vo_hinh,-2148752731.0,-1593322831.0,-1081772621.0,-697996461.0,-403513191.0,-152956853.0,-918778325.0,-900969755.0,0.0,-900969755.0,-900969755.0
Xay_dung_co_ban_do_dang,0.0,0.0,0.0,0.0,0.0,163246491118.0,192809856062.0,185304509258.0,0.0,130956537518.0,65962614402.0
Gia_tri_rong_tai_san_dau_tu,169345840907.0,174375252623.0,179404664339.0,184434076055.0,0.0,0.0,0.0,0.0,0.0,0.0,0.0
Nguyen_gia_tai_san_dau_tu,189463487772.0,189463487772.0,189463487772.0,189463487772.0,0.0,0.0,0.0,0.0,0.0,0.0,0.0
Khau_hao_luy_ke_tai_san_dau_tu,-20117646865.0,-15088235149.0,-10058823433.0,-5029411717.0,0.0,0.0,0.0,0.0,0.0,0.0,0.0
Dau_tu_dai_han,133229403163.0,131786896869.0,131253596656.0,131253596656.0,131716096656.0,57566629400.0,57566629400.0,57104129400.0,57104129400.0,57104129400.0,57104129400.0
Dau_tu_vao_cac_cong_ty_con,0.0,0.0,0.0,0.0,0.0,0.0,0.0,0.0,0.0,0.0,0.0
Dau_tu_vao_cac_cong_ty_lien_ket,131253596656.0,131253596656.0,131253596656.0,131253596656.0,131253596656.0,57104129400.0,57104129400.0,57104129400.0,0.0,57104129400.0,57104129400.0
Dau_tu_dai_han_khac,0.0,0.0,0.0,0.0,462500000.0,462500000.0,462500000.0,0.0,57104129400.0,0.0,0.0
Du_phong_giam_gia_dau_tu_dai_han,0.0,0.0,0.0,0.0,0.0,0.0,0.0,0.0,0.0,0.0,0.0
Loi_the_thuong_mai,0.0,0.0,0.0,0.0,0.0,0.0,0.0,0.0,0.0,0.0,0.0
Tai_san_dai_han_khac,23205176599.0,26822022756.0,32604976755.0,46206390658.0,45189953187.0,39688310351.0,42646059855.0,50851270564.0,60903333816.0,47000524716.0,43800548400.0
Tra_truoc_dai_han,23205176599.0,26822022756.0,32604976755.0,46206390658.0,45189953187.0,39223310351.0,42241059855.0,50851270564.0,0.0,47000524716.0,43800548400.0
Thue_thu_nhap_hoan_lai_phai_thu,0.0,0.0,0.0,0.0,0.0,0.0,0.0,0.0,0.0,0.0,0.0
Cac_tai_san_dai_han_khac,0.0,0.0,0.0,0.0,0.0,465000000.0,405000000.0,0.0,60903333816.0,0.0,0.0
Tong_cong_tai_san,1059071273583.0,1100604301800.0,1169956031017.0,1199374945705.0,1283467096391.0,1254329557404.0,1281863249924.0,1232803959985.0,1024612938717.0,938413175231.0,877826554076.0
No_phai_tra,672696347566.0,720686434320.0,796049771136.0,867761304441.0,988319422562.0,1000994590882.0,1021519888029.0,1004446820902.0,796893124878.0,722928576387.0,667377077763.0
No_ngan_han,612296477065.0,661997408090.0,756562517639.0,813348848697.0,939393896948.0,889339960428.0,850846414365.0,817765912728.0,590042413904.0,580532078418.0,481724172099.0
Vay_ngan_han,450906170354.0,477906803018.0,492574248107.0,476658324240.0,496724075796.0,482773499411.0,452771557525.0,401476414361.0,0.0,261614429498.0,258959380991.0
Phai_tra_nguoi_ban,101309552134.0,107271673247.0,111176955746.0,106674861267.0,90627411177.0,143738618026.0,172303519485.0,207145201918.0,0.0,114360938100.0,86540442720.0
Nguoi_mua_tra_tien_truoc,1069977066.0,3271091488.0,1701001283.0,996065440.0,46757165732.0,4012929774.0,4173028864.0,1762688248.0,0.0,299421600.0,842292827.0
Thue_va_cac_khoan_phai_tra_nha_nuoc,4666277386.0,3823071317.0,5984062167.0,30552295414.0,27556226671.0,47375227577.0,5934704054.0,4221491867.0,0.0,9424198442.0,5311201588.0
Phai_tra_nguoi_lao_dong,21854006528.0,21227128419.0,21507369554.0,23278712365.0,24535659935.0,14910138415.0,14217026362.0,13802016956.0,0.0,6389574377.0,7412140986.0
Chi_phi_phai_tra,1612345369.0,2040756569.0,4981491127.0,9223478358.0,59200788998.0,2818714650.0,3268437013.0,4851776763.0,0.0,835827178.0,6263898523.0
Phai_tra_noi_bo,0.0,0.0,0.0,0.0,0.0,0.0,0.0,0.0,0.0,0.0,0.0
Phai_tra_ve_xay_dung_co_ban,0.0,0.0,0.0,0.0,0.0,0.0,0.0,0.0,0.0,0.0,0.0
Phai_tra_khac,7038542943.0,36146837818.0,118426028455.0,165892220701.0,193992568639.0,192247957234.0,220260300681.0,204304596810.0,590042413904.0,187607689223.0,116394814464.0
Du_phong_cac_khoan_phai_tra_ngan_han,0.0,0.0,0.0,0.0,0.0,0.0,0.0,0.0,0.0,0.0,0.0
Quy_khen_thuong_phuc_loi,20097599220.0,6836040177.0,184506659.0,0.0,0.0,1462875341.0,-22082159619.0,-19798274195.0,0.0,0.0,0.0
No_dai_han,60399870501.0,58689026230.0,39487253497.0,54412455744.0,48925525614.0,111654630454.0,170673473664.0,186680908174.0,206850710974.0,142396497969.0,185652905664.0
Phai_tra_nha_cung_cap_dai_han,0.0,0.0,0.0,0.0,0.0,0.0,0.0,0.0,0.0,0.0,0.0
Phai_tra_noi_bo_dai_han,0.0,0.0,0.0,0.0,0.0,0.0,0.0,0.0,0.0,0.0,0.0
Phai_tra_dai_han_khac,945000000.0,70000000.0,40000000.0,4896775000.0,765000000.0,765000000.0,765000000.0,12865000000.0,206850710974.0,11265000000.0,19103743000.0
Vay_dai_han,59454870501.0,58619026230.0,39447253497.0,49515680744.0,48160525614.0,46428884758.0,67399788719.0,81884909805.0,0.0,130625477646.0,166549162664.0
Thue_thu_nhap_hoan_lai_phai_tra,0.0,0.0,0.0,0.0,0.0,0.0,0.0,0.0,0.0,0.0,0.0
Du_phong_tro_cap_thoi_viec,0.0,0.0,0.0,0.0,0.0,0.0,0.0,0.0,0.0,506020323.0,0.0
Du_phong_cac_khoan_cong_no_dai_han,0.0,0.0,0.0,0.0,0.0,0.0,0.0,0.0,0.0,0.0,0.0
Du_phong_nghiep_vu_ap_dung_cho_cty_bao_hiem,0.0,0.0,0.0,0.0,0.0,0.0,0.0,0.0,0.0,0.0,0.0
Doanh_thu_chua_thuc_hien,0.0,0.0,0.0,0.0,0.0,64460745696.0,102508684945.0,91930998369.0,0.0,0.0,0.0
Quy_phat_trien_khoa_hoc_cong_nghe,0.0,0.0,0.0,0.0,0.0,0.0,0.0,0.0,0.0,0.0,0.0
Von_chu_so_huu,386374926017.0,379917867480.0,373906259881.0,331613641264.0,295147673829.0,253334966522.0,260343361895.0,228357139083.0,227719813839.0,215484598844.0,210449476313.0
Von_va_cac_quy,385852665001.0,379395606464.0,373383998865.0,331091380248.0,294625412813.0,252812705506.0,259821100879.0,227834878067.0,227719813839.0,198819719726.0,192000000000.0
Von_gop,192000000000.0,192000000000.0,192000000000.0,192000000000.0,192000000000.0,192000000000.0,192000000000.0,192000000000.0,192000000000.0,192000000000.0,192000000000.0
Thang_du_von_co_phan,217386850.0,217386850.0,217386850.0,217386850.0,217386850.0,217386850.0,217386850.0,217386850.0,0.0,0.0,0.0
Von_khac,92199030042.0,60884520799.0,60884520799.0,41631425260.0,1725496152.0,1725496152.0,1725496152.0,1725496152.0,1725496152.0,1725496152.0,0.0
Co_phieu_quy,0.0,0.0,0.0,0.0,0.0,0.0,0.0,0.0,0.0,0.0,0.0
Chenh_lech_danh_gia_lai_tai_san,0.0,0.0,0.0,0.0,0.0,0.0,0.0,0.0,0.0,0.0,0.0
Chenh_lech_ty_gia,0.0,0.0,0.0,0.0,0.0,0.0,0.0,0.0,-390960604.0,-57566941.0,0.0
Quy_dau_tu_va_phat_trien,14544734593.0,23977199657.0,3142069944.0,4758532353.0,26850168858.0,12149288688.0,7386782300.0,5187941230.0,1713147181.0,1713147181.0,0.0
Quy_du_phong_tai_chinh,0.0,0.0,0.0,0.0,0.0,10196316866.0,7815063672.0,6715643137.0,1719321667.0,1719321667.0,0.0
Quy_du_tru_bat_buoc_cty_bao_hiem,0.0,0.0,0.0,0.0,0.0,0.0,0.0,0.0,0.0,0.0,0.0
Quy_quy_khac,0.0,0.0,0.0,0.0,0.0,0.0,0.0,0.0,522261016.0,1719321667.0,0.0
Lai_chua_phan_phoi,86891513516.0,102316499158.0,117140021272.0,92484035785.0,73832360953.0,36524216950.0,50676371905.0,21988410698.0,30430548427.0,0.0,0.0
Quy_ho_tro_sap_xep_doanh_nghiep,0.0,0.0,0.0,0.0,0.0,0.0,0.0,0.0,0.0,0.0,0.0
Von_ngan_sach_nha_nuoc_va_quy_khac,522261016.0,522261016.0,522261016.0,522261016.0,522261016.0,522261016.0,522261016.0,522261016.0,0.0,16664879118.0,18449476313.0
Quy_khen_thuong_phuc_loi_truoc_2010,0.0,0.0,0.0,0.0,0.0,0.0,0.0,0.0,0.0,16142618102.0,17927215297.0
Von_ngan_sach_nha_nuoc,522261016.0,522261016.0,522261016.0,522261016.0,522261016.0,522261016.0,522261016.0,522261016.0,0.0,522261016.0,522261016.0
Loi_ich_cua_co_dong_thieu_so,0.0,0.0,0.0,0.0,0.0,0.0,0.0,0.0,0.0,0.0,0.0
Tong_cong_nguon_von,1059071273583.0,1100604301800.0,1169956031017.0,1199374945705.0,1283467096391.0,1254329557404.0,1281863249924.0,1232803959985.0,1024612938717.0,938413175231.0,877826554076.0
Doanh_so,904973371865.0,898089676198.0,860069240791.0,927120730783.0,964114911235.0,952589742533.0,933275969727.0,935836256233.0,,924618431697.0,
Cac_khoan_giam_tru,-245845996.0,-56250172.0,-53800266.0,-32355568.0,-99830472.0,-315838112.0,-1708257450.0,-23219170.0,,-2448690324.0,
Doanh_so_thuan,904727525869.0,898033426026.0,860015440525.0,927088375215.0,964015080763.0,952273904421.0,931567712277.0,935813037063.0,,922169741373.0,
Gia_von_hang_ban,-839461065237.0,-836132277250.0,-778189548808.0,-800467966732.0,-822810009632.0,-831693480231.0,-814686136306.0,-827541823528.0,,-839957613351.0,
Lai_gop,65266460632.0,61901148776.0,81825891717.0,126620408483.0,141205071131.0,120580424190.0,116881575971.0,108271213535.0,,82212128022.0,
Thu_nhap_tai_chinh,158033058433.0,144462460241.0,109676396224.0,81015068724.0,51972183442.0,11479289234.0,45104678558.0,35765405536.0,,37603527810.0,
Chi_phi_tai_chinh,-37263154316.0,-37614261428.0,-38603940537.0,-41026213081.0,-41937221855.0,-47713410261.0,-50263078008.0,-59228200006.0,,-47525528408.0,
Chi_phi_tien_lai,-37082853307.0,-36759871015.0,-38263612391.0,-40603699562.0,-39422161587.0,-44989143793.0,-43039548793.0,-56022688343.0,,-32447164167.0,
Chi_phi_ban_hang,0.4348057593607023,0.3923935737663709,0.6296147938570176,0.5557539219284385,0.2445410051193548,0.3310238279517518,0.3035565965557153,0.25334132578881724,,0.5173878485642204,
Chi_phi_quan_ly_doanh__nghiep,-95523371917.0,-95496090123.0,-102832849486.0,-98699815186.0,-85853978222.0,-64926994873.0,-60869800916.0,-56870409540.0,,-32387166611.0,
Lai_tu_hoat_dong_kinh_doanh,86579185443.0,69729432012.0,44650713475.0,62757118935.0,63028642328.0,16267054759.0,48025540363.0,25567208370.0,,35131766628.0,
Thu_nhap_khac,907733017.0,3693104106.0,46818696041.0,2040076392.0,2369788016.0,3037935318.0,8337060553.0,939630341.0,,3821293956.0,
Chi_phi_khac,-595562731.0,-474829056.0,-15969365979.0,-3329502695.0,-3246863278.0,-2615299557.0,-7717512428.0,-1758324185.0,,-822080394.0,
Thu_nhap_khac_rong,312170286.0,3218275050.0,30849330062.0,-1289426303.0,-877075262.0,422635761.0,619548125.0,-818693844.0,,2999213562.0,
Lai_tu_cong_ty_lien_doanh,0.0,0.0,0.0,0.0,0.0,0.0,0.0,0.0,,0.0,
Lai_rong_truoc_thue,86891355729.0,72947707062.0,75500043537.0,61467692632.0,62151567066.0,16689690520.0,48645088488.0,24748514526.0,,38130980190.0,
Thue_thu_nhap_doanh_nghiep_-_hien_thoi,0.0,-7559797.0,-6049611162.0,-2678915533.0,-2770591722.0,-1674479505.0,-1020024606.0,0.0,,-3717468328.0,
Thue_thu_nhap_doanh_nghiep_-_hoan_lai,0.0,0.0,0.0,0.0,0.0,0.0,0.0,0.0,,0.0,
Chi_phi_thue_thu_nhap_doanh_nghiep,0.0,-7559797.0,-6049611162.0,-2678915533.0,-2770591722.0,-1674479505.0,-1020024606.0,0.0,,-3717468328.0,
Lai_thuan_sau_thue,86891355729.0,72940147265.0,69450432375.0,58788777099.0,59380975344.0,15015211015.0,47625063882.0,24748514526.0,,34413511862.0,
Loi_ich_cua_co_dong_thieu_so.1,0.0,0.0,0.0,0.0,0.0,0.0,0.0,0.0,,0.0,
Co_dong_cua_cong_ty_me,86891355729.0,72940147265.0,69450432375.0,58788777099.0,59380975344.0,15015211015.0,47625063882.0,24748514526.0,,34413511862.0,
Lai_co_ban_tren_co_phieu,4526.0,3799.0,3617.0,3062.0,3093.0,782.0,2480.0,1289.0,,1792.0,
Lai_tren_co_phieu_pha_loang,0.0,0.0,0.0,0.0,0.0,0.0,0.0,0.0,,0.0,
Tt_gt,True,True,True,1,True,True,True,True,False,True,False
Tien_thu_tu_ban_hang_cung_cap_dich_vu_va_dt_khac,973295197947.0,992448414687.0,932962546264.0,982650745392.0,1000369605587.0,956668196196.0,1023547164241.0,993741635618.0,,1026975311604.0,
Tien_chi_tra_cho_nguoi_cung_cap_hh_va_dich_vu,-696776271781.0,-736627430335.0,-718943372582.0,-771453969454.0,-776309373014.0,-809897868586.0,-824574069818.0,-761719940078.0,,-640447479875.0,
Tien_chi_tra_cho_nguoi_lao_dong,-180897198859.0,-172129412694.0,-173618030808.0,-181697620426.0,-162949961136.0,-145543631840.0,-143900356662.0,-124600494734.0,,-99562619157.0,
Tien_chi_tra_lai_vay,-37102570300.0,-36802995597.0,-38567609905.0,-40346067454.0,-39625467115.0,-46252116711.0,-48397240627.0,-67668287514.0,,-41244852190.0,
Tien_chi_nop_thue_thu_nhap_doanh_nghiep,0.0,-3602689484.0,-4854481475.0,-2695906431.0,-1803753295.0,-49548230.0,-3636364.0,-31277591.0,,-4478724392.0,
Tien_thu_tu_hoat_dong_kinh_doanh,15359871703.0,3354990660.0,1719321667.0,4856775000.0,89695318.0,1696181196.0,10285549410.0,5042519761.0,,14723761210.0,
Tien_chi_khac_cho_hoat_dong_kinh_doanh,-96940307258.0,-119307512111.0,-57018621531.0,-2516819451.0,-1429749247.0,-3669767827.0,-53807364944.0,-41408755191.0,,-57803555507.0,
Lai_truoc_thue,0.0,0.0,0.0,0.0,0.0,0.0,,,,,
Khau_hao_tscd,0.0,0.0,38275222343.0,36624842448.0,30835424040.0,0.0,0.0,0.0,,0.0,
Chi_phi_du_phong,0.0,0.0,0.0,0.0,0.0,0.0,,,,,
Lai_lo_chenh_lech_ty_gia_chua_thuc_hien,0.0,0.0,0.0,0.0,0.0,0.0,,,,,
Lai_lo_tu_thanh_ly_tai_san_co_dinh,0.0,0.0,0.0,0.0,0.0,0.0,0.0,0.0,,0.0,
Lai_lo_tu_hoat_dong_dau_tu,0.0,0.0,0.0,0.0,0.0,0.0,,,,,
Chi_phi_lai_vay,0.0,0.0,0.0,0.0,0.0,0.0,,,,,
Thu_lai_va_co_tuc,0.0,0.0,0.0,0.0,0.0,0.0,,,,,
Lai_lo_truoc_nhung_thay_doi_von_luu_dong,0.0,0.0,0.0,0.0,0.0,0.0,,,,,
Tang_giam_cac_khoan_phai_thu,0.0,0.0,0.0,0.0,0.0,0.0,,,,,
Tang_giam_hang_ton_kho,0.0,0.0,0.0,0.0,0.0,0.0,,,,,
Tang_giam_cac_khoan_phai_tra,0.0,0.0,0.0,0.0,0.0,0.0,,,,,
Tang_giam_chi_phi_tra_truoc,0.0,0.0,0.0,0.0,0.0,0.0,,,,,
Chi_phi_lai_vay_da_tra,0.0,0.0,0.0,0.0,0.0,0.0,,,,,
Thue_thu_nhap_doanh_nghiep_da_tra,0.0,0.0,0.0,0.0,0.0,0.0,,,,,
Tien_thu_khac_tu_cac_hoat_dong_kinh_doanh,0.0,0.0,0.0,0.0,0.0,0.0,,,,,
Tien_chi_khac_tu_cac_hoat_dong_kinh_doanh,0.0,0.0,0.0,0.0,0.0,0.0,,,,,
Luu_chuyen_tien_te_rong_tu_cac_hoat_dong_san_xuat_kinh_doanh,-23061278548.0,-72666634874.0,-58320248370.0,-11202862824.0,18340997098.0,-47048555802.0,-36849954764.0,3355400271.0,,198161841693.0,
Tien_mua_tai_san_co_dinh_va_cac_tai_san_dai_han_khac,-44674568583.0,-61243449652.0,-34551652643.0,-32497168620.0,-50872296109.0,-14934661655.0,-39444416513.0,-13990189559.0,,-114728960797.0,
Tien_thu_duoc_tu_thanh_ly_tai_san_co_dinh,440425724.0,645734204.0,44344779680.0,227440000.0,5519238817.0,2101000000.0,5320087032.0,339781364.0,,-601160421178.0,
Tien_cho_vay_hoac_mua_cong_cu_no,-53511027909.0,-3199482583.0,0.0,0.0,0.0,0.0,-462500000.0,0.0,,0.0,
Tien_thu_tu_cho_vay_hoac_thu_tu_phat_hanh_cong_cu_no,51734703985.0,0.0,0.0,0.0,0.0,0.0,0.0,2000000000.0,,613527786489.0,
Dau_tu_vao_cac_doanh_nghiep_khac,0.0,0.0,0.0,0.0,0.0,0.0,0.0,0.0,,0.0,
Tien_thu_tu_viec_ban_cac_khoan_dau_tu_vao_cac_doanh_nghiep_khac,0.0,0.0,0.0,0.0,0.0,0.0,0.0,0.0,,0.0,
Co_tuc_va_tien_lai_nhan_duoc,157536857612.0,144169336987.0,109587605179.0,80527407407.0,50135096863.0,55401390271.0,35263648465.0,450950596.0,,33273105734.0,
Luu_chuyen_tien_te_rong_tu_hoat_dong_dau_tu,111526390829.0,80372138956.0,119380732216.0,48257678787.0,4782039571.0,42567728616.0,676818984.0,-11199457599.0,,-69088489752.0,
Tien_thu_tu_phat_hanh_co_phieu_va_von_gop,0.0,0.0,0.0,0.0,0.0,0.0,0.0,0.0,,0.0,
Chi_tra_cho_viec_mua_lai_tra_lai_co_phieu,0.0,0.0,0.0,0.0,0.0,0.0,0.0,0.0,,0.0,
Tien_thu_duoc_cac_khoan_di_vay,837243908781.0,936264270844.0,796528560471.0,805199645681.0,807292857822.0,818600002132.0,850949048531.0,796308989934.0,,604100559555.0,
Tien_tra_cac_khoan_di_vay,-877796855294.0,-931759943200.0,-781617219755.0,-819429205621.0,-788165317687.0,-808988146988.0,-809673796587.0,-788518902466.0,,-649379862020.0,
Tien_thanh_toan_von_goc_di_thue_tai_chinh,-11788126535.0,0.0,-9036490631.0,-4558377724.0,-3804689388.0,-1033958873.0,-4717991040.0,0.0,,0.0,
Co_tuc_da_tra,-38624869135.0,-13131410016.0,-50819682719.0,-24832102130.0,-29432449860.0,-3629283500.0,-465204300.0,-3204774844.0,,0.0,
Tien_lai_da_nhan,0.0,0.0,0.0,0.0,0.0,0.0,0.0,0.0,,0.0,
Luu_chuyen_tien_te_tu_hoat_dong_tai_chinh,-90965942183.0,-8627082372.0,-44944832634.0,-43620039794.0,-14109599113.0,4948612771.0,36092056604.0,4585312624.0,,-45279302465.0,
Luu_chuyen_tien_thuan_trong_ky,-2500829902.0,-921578290.0,16115651212.0,-6565223831.0,9013437556.0,467785585.0,-81079176.0,-3258744704.0,,83794049476.0,
Tien_va_tuong_duong_tien_dau_ky,21908385495.0,22997437660.0,6895208501.0,13443447380.0,4410360812.0,4003591986.0,4364155132.0,6986017640.0,,26164938587.0,
Anh_huong_cua_chenh_lech_ty_gia,9104399.0,-167473875.0,-13422053.0,16984952.0,19649012.0,-61016759.0,-279483970.0,636882196.0,,601836935.0,
Tien_va_tuong_duong_tien_cuoi_ky,19416659992.0,21908385495.0,22997437660.0,6895208501.0,13443447380.0,4410360812.0,4003591986.0,4364155132.0,,110560824998.0,
Tien1,19476281013.0,21908385495.0,22997437660.0,6895207901.0,13443447380.0,4410360812.0,,,,110560824998.0,26164938587.0
Tien_mat,345448013.0,633050968.0,1034604669.0,779446784.0,723298875.0,593209020.0,,,,347896720.0,1745085153.0
Tien_gui_ngan_hang,19130833000.0,11261604774.0,1462832991.0,6115761117.0,12720148505.0,3817151792.0,,,,25038498359.0,24419853434.0
Tien_dang_chuyen,0.0,0.0,0.0,0.0,0.0,0.0,,,,0.0,0.0
Tien_va_tuong_duong_tien.1,0.0,10013729753.0,20500000000.0,0.0,0.0,0.0,,,,85174429919.0,0.0
Dau_tu_tai_chinh_nh,3462500000.0,3128682370.0,462500000.0,462500000.0,0.0,0.0,,,,59580000000.0,71947365311.0
Chung_khoan_dau_tu_ngan_han,462500000.0,462500000.0,462500000.0,462500000.0,0.0,0.0,,,,0.0,0.0
Dau_tu_nh_khac,0.0,0.0,0.0,0.0,0.0,0.0,,,,59580000000.0,71947365311.0
Du_phong_giam_gia_dtnh,0.0,0.0,0.0,0.0,0.0,0.0,,,,0.0,0.0
Phai_thu_ngan_han_khac,6171108728.0,4857505347.0,7540558534.0,16311477812.0,30698910581.0,107951920978.0,,,,3485910903.0,2556946164.0
Phai_thu_ve_co_phan_hoa,0.0,0.0,0.0,0.0,0.0,0.0,,,,1195208031.0,1175978031.0
Phai_thu_ve_co_tuc_va_loi_nhuan_duoc_chia,0.0,0.0,0.0,0.0,0.0,0.0,,,,0.0,0.0
Phai_thu_nguoi_lao_dong,0.0,0.0,0.0,0.0,0.0,0.0,,,,0.0,0.0
Phai_thu_khac1,6171108728.0,4857505347.0,7540558534.0,16311477812.0,30698910581.0,107951920978.0,,,,2290702872.0,1380968133.0
Hang_ton_kho1,272423491065.0,343269018727.0,412001079668.0,440977426401.0,473686316391.0,525529989966.0,,,,176560274285.0,243518674948.0
Hang_mua_dang_di_duong,0.0,942658353.0,1469458123.0,0.0,0.0,0.0,,,,0.0,0.0
Nguyen_lieu_vat_lieu,58978878644.0,60943583914.0,95314352331.0,126643002248.0,135499635183.0,173492396739.0,,,,113526147423.0,185726239785.0
Cong_cu_dung_cu,25046465078.0,22865222158.0,22822769864.0,24478147275.0,23141538262.0,22855126992.0,,,,13280283907.0,6239331913.0
Chi_phi_sx_kd_do_dang,145646580481.0,211775602085.0,250110254633.0,250697280438.0,275138343167.0,295008612439.0,,,,20041525957.0,16370954736.0
Thanh_pham,41915449001.0,46737267941.0,42279560441.0,37780237967.0,39794925321.0,34073809554.0,,,,29501139440.0,35113624149.0
Hang_hoa,499545.0,499545.0,499545.0,1247116364.0,45000.0,45000.0,,,,4770000.0,0.0
Hang_gui_di_ban,835618316.0,4184731.0,4184731.0,131642109.0,111829458.0,99999242.0,,,,206407558.0,68524365.0
Hang_hoa_kho_bao_thue,0.0,0.0,0.0,0.0,0.0,0.0,,,,0.0,0.0
Hang_hoa_bat_dong_san,0.0,0.0,0.0,0.0,0.0,0.0,,,,0.0,0.0
Tai_san_ngan_han_khac,0.0,0.0,0.0,0.0,0.0,1406139455.0,,,,2309026491.0,790790981.0
Tam_ung,0.0,0.0,0.0,0.0,0.0,1053740770.0,,,,0.0,0.0
Tai_san_thieu_cho_xu_ly,0.0,0.0,0.0,0.0,0.0,352398685.0,,,,0.0,0.0
Cam_co_ky_quy_ky_cuoc_nh,0.0,0.0,0.0,0.0,0.0,0.0,,,,0.0,0.0
Khac,0.0,0.0,0.0,0.0,0.0,0.0,,,,2309026491.0,790790981.0
Phai_thu_dai_han_khac1,2895784000.0,2165784000.0,1895784000.0,1835784000.0,615000000.0,0.0,,,,0.0,0.0
Ky_quy_ky_cuoc_dai_han,2895784000.0,2165784000.0,0.0,0.0,0.0,0.0,,,,0.0,0.0
Cac_khoan_tien_nhan_uy_thac,0.0,0.0,0.0,0.0,0.0,0.0,,,,0.0,0.0
Cho_vay_khong_co_lai,0.0,0.0,0.0,0.0,0.0,0.0,,,,0.0,0.0
Phai_thu_dai_han_khac2,0.0,0.0,1895784000.0,1835784000.0,615000000.0,0.0,,,,0.0,0.0
Nguyen_gia_tscdhh,705550860592.0,681342268256.0,651711410267.0,653323394319.0,619177307953.0,599050272310.0,,,,492048441864.0,0.0
Nguyen_gia_dau_ky,694494341618.0,651711410267.0,653323394319.0,619177307953.0,599050272310.0,601453343898.0,,,,443585287293.0,0.0
Tang_trong_ky,11056518974.0,46239857646.0,36689957598.0,231335420156.0,35199575898.0,11890062910.0,,,,50130152393.0,0.0
Giam_trong_ky,0.0,-16608999657.0,-38301941650.0,-197189333790.0,-15072540255.0,-14293134498.0,,,,-1666997822.0,0.0
Hao_mon_tscdhh,504842732191.0,472867725749.0,448854807574.0,460047013166.0,454264117655.0,436278004970.0,,,,262275206626.0,0.0
Dau_ky,497017028854.0,448854807574.0,460047013166.0,454264117655.0,436278004970.0,417957851103.0,,,,213669179859.0,0.0
Tang_trong_ky1,7825703337.0,40621917832.0,26186356511.0,26942819191.0,27641994806.0,32002002580.0,,,,50008229879.0,0.0
Giam_trong_ky1,0.0,-16608999657.0,-37378562103.0,-21159923680.0,-9655882121.0,-13681848713.0,,,,-1402203112.0,0.0
Nguyen_gia_tscd_ttc,68267238965.0,43221186075.0,0.0,0.0,13868975344.0,13868975344.0,,,,0.0,0.0
Nguyen_gia_dau_ky1,52787311984.0,34264881677.0,0.0,0.0,13868975344.0,11993606370.0,,,,0.0,0.0
Tang_trong_ky2,15479926981.0,20949910768.0,0.0,0.0,0.0,1875368974.0,,,,0.0,0.0
Giam_trong_ky2,0.0,-11993606370.0,0.0,0.0,0.0,0.0,,,,0.0,0.0
Hao_mon_tscd_ttc,18592222762.0,11783206283.0,0.0,0.0,6499403355.0,3556530459.0,,,,0.0,0.0
Dau_ky1,15761432017.0,17533209581.0,0.0,0.0,6499403355.0,801194463.0,,,,0.0,0.0
Tang_trong_ky3,2830790745.0,6243603072.0,0.0,0.0,0.0,2755335996.0,,,,0.0,0.0
Giam_trong_ky3,0.0,-11993606370.0,0.0,0.0,0.0,0.0,,,,0.0,0.0
Nguyen_gia_tscdvh,5029446416.0,5029446416.0,4397578916.0,3244822916.0,19482165751.0,19049615751.0,,,,18808045506.0,0.0
Nguyen_gia_dau_ky2,5029446416.0,4397578916.0,3244822916.0,19482165751.0,19049615751.0,19306685506.0,,,,18808045506.0,0.0
Tang_trong_ky4,0.0,631867500.0,1152756000.0,358700000.0,432550000.0,643900000.0,,,,0.0,0.0
Giam_trong_ky4,0.0,0.0,0.0,-16596042835.0,0.0,-900969755.0,,,,0.0,0.0
Hao_mon_tscdvh,2148752731.0,1593322831.0,1081772621.0,697996461.0,403513191.0,152956853.0,,,,900969755.0,0.0
Dau_ky2,1871037781.0,1081772621.0,697996461.0,403513191.0,152956853.0,918778325.0,,,,900969755.0,0.0
Tang_trong_ky5,277714950.0,511550210.0,383776160.0,0.0,250556338.0,135148283.0,,,,0.0,0.0
Giam_trong_ky5,0.0,0.0,0.0,294483270.0,0.0,-900969755.0,,,,0.0,0.0
Dau_tu_dai_han_khac1,0.0,0.0,0.0,0.0,462500000.0,462500000.0,,,,0.0,0.0
Dau_tu_co_phieu,0.0,0.0,0.0,0.0,0.0,462500000.0,,,,0.0,0.0
Dau_tu_trai_phieu,0.0,0.0,0.0,0.0,0.0,0.0,,,,0.0,0.0
Dau_tu_tin_phieu_ky_phieu,0.0,0.0,0.0,0.0,0.0,0.0,,,,0.0,0.0
Cho_vay_dai_han,0.0,0.0,0.0,0.0,0.0,0.0,,,,0.0,0.0
Dau_tu_dai_han_khac2,0.0,0.0,0.0,0.0,462500000.0,0.0,,,,0.0,0.0
Vay_va_no_nh,450057819452.0,477906803018.0,492574248107.0,476658324240.0,496724075796.0,482773499411.0,,,,261614429498.0,258959380991.0
Vay_ngan_han1,450057819452.0,454517911386.0,464873012903.0,476658324240.0,496724075796.0,458639858397.0,,,,222867183334.0,253812809550.0
Vay_dai_han_den_han_tra,0.0,23388891632.0,27701235204.0,0.0,0.0,24133641014.0,,,,38747246164.0,5146571441.0
Cac_khoan_phai_tra_ve_thue,2266966126.0,3823071317.0,5984063167.0,30552295414.0,27556226671.0,47375227577.0,,,,9424198442.0,5311201588.0
Thue_gtgt,679231064.0,790277920.0,449381267.0,756416345.0,1781322322.0,449381267.0,,,,5372410376.0,544921447.0
Thue_ttdb,0.0,0.0,0.0,0.0,0.0,0.0,,,,0.0,0.0
Thue_xnk,204116003.0,460001456.0,424274463.0,165307680.0,1867202591.0,3040061211.0,,,,1701459830.0,1786069300.0
Thue_tndn,-1362008955.0,0.0,2718386852.0,1523257165.0,0.0,0.0,,,,0.0,650624712.0
Thue_tncn,761965946.0,573691173.0,346079909.0,98208866.0,66042870.0,0.0,,,,0.0,0.0
Thue_tai_nguyen,6962460.0,6995680.0,9888640.0,21975270.0,3903800.0,4450600.0,,,,1213620.0,0.0
Thue_nha_dat_va_tien_thue_dat,27581761.0,27581762.0,27581762.0,27581762.0,27581762.0,27581763.0,,,,350022962.0,350022962.0
Cac_loai_thue_khac,-11526003.0,0.0,43946948.0,0.0,0.0,43579410.0,,,,34568328.0,15039841.0
Cac_khoan_phi_le_phi_khac,1960643850.0,1964523326.0,1964523326.0,27959548326.0,23810173326.0,43810173326.0,,,,1964523326.0,1964523326.0
Chi_phi_phai_tra1,1465637491.0,2040756569.0,4981491127.0,9223478358.0,59200788998.0,2818714650.0,,,,835827178.0,6263898523.0
Trich_truoc_cf_luong_nghi_phep,0.0,0.0,0.0,0.0,0.0,0.0,,,,0.0,0.0
Chi_phi_scl_tscd,0.0,0.0,0.0,0.0,0.0,0.0,,,,0.0,0.0
Chi_phi_trongthoi_gian_ngung_kd,0.0,0.0,0.0,0.0,0.0,0.0,,,,0.0,0.0
Khac1,1465637491.0,2040756569.0,4981491127.0,9223478358.0,59200788998.0,2818714650.0,,,,835827178.0,6263898523.0
Phai_tra_phai_nop_khac,6369930701.0,36146837818.0,118426028455.0,165892220701.0,193992568639.0,192247957234.0,,,,187607689223.0,116394814464.0
Tai_san_thua_cho_xl,0.0,0.0,0.0,0.0,163259662.0,121481211.0,,,,0.0,0.0
Kinh_phi_cong_doan,0.0,1680902801.0,1595701465.0,1346295965.0,1241419981.0,1140900517.0,,,,2051410227.0,1300766257.0
Bh_xh,0.0,48549515.0,32841515.0,2847108037.0,2132844609.0,3402749881.0,,,,902804864.0,0.0
Bhyt,0.0,0.0,0.0,452166944.0,31442895.0,432919744.0,,,,0.0,0.0
Phai_tra_ve_cph,0.0,0.0,111927152773.0,145927152773.0,165927152773.0,165927152773.0,,,,114619035943.0,114619035943.0
Nhan_ky_quy_ky_cuoc_nh,0.0,0.0,850000000.0,0.0,0.0,0.0,,,,0.0,0.0
Doanh_thu_chua_thuc_hien.1,0.0,0.0,0.0,0.0,0.0,0.0,,,,45525885288.0,15000000.0
Khac2,6369930701.0,34417385502.0,4020332702.0,15319496982.0,24496448719.0,21222753108.0,,,,24508552901.0,460012264.0
Vay_dai_han1,59613377743.0,58619026230.0,39447253497.0,49515680744.0,48160525614.0,46428884758.0,,,,130625477646.0,166549162664.0
Vay_ngan_hang,59613377743.0,58619026230.0,39447253497.0,49515680744.0,48160525614.0,29400094604.0,,,,130625477646.0,166549162664.0
Vay_doi_tuong_khac,0.0,0.0,0.0,0.0,0.0,10000000000.0,,,,0.0,0.0
Trai_phieu_phat_hanh,0.0,0.0,0.0,0.0,0.0,0.0,,,,0.0,0.0
Thue_tai_chinh,0.0,0.0,0.0,0.0,0.0,7028790154.0,,,,0.0,0.0
No_dai_han_khac,0.0,0.0,0.0,0.0,0.0,0.0,,,,0.0,0.0
Von_chu_so_huu1,0.0,192000000000.0,192000000000.0,192000000000.0,192000000000.0,192000000000.0,,,,192000000000.0,192000000000.0
Von_gop_cua_nha_nuoc,0.0,126805000000.0,0.0,126805000000.0,126805000000.0,126805000000.0,,,,126805000000.0,126805000000.0
Von_dau_tu_cua_doi_tuong_khac,0.0,65195000000.0,192000000000.0,65195000000.0,65195000000.0,65195000000.0,,,,65195000000.0,65195000000.0
Doanh_thu,904973371865.0,898089676198.0,860069240791.0,927120730783.0,964114911235.0,952589742533.0,,,,924618431697.0,0.0
Doanh_thu_ban_hang,885803433160.0,859579604585.0,807472443823.0,865151836476.0,917475557569.0,895342327660.0,,,,924618431697.0,0.0
Doanh_thu_cung_cap_dich_vu,19169938705.0,38510071613.0,52596796968.0,61968894307.0,46639353666.0,57247414873.0,,,,0.0,0.0
Doanh_thu_hop_dong_xay_dung,0.0,0.0,0.0,0.0,0.0,0.0,,,,0.0,0.0
Giam_tru_doanh_thu,99835801.0,56250172.0,53800266.0,32355568.0,99830472.0,315838112.0,,,,2448690324.0,0.0
Chiet_khau_thuong_mai,17791951.0,29852000.0,26247866.0,0.0,0.0,0.0,,,,2448690324.0,0.0
Giam_gia_hang_ban,760000.0,0.0,0.0,0.0,99830472.0,395400.0,,,,0.0,0.0
Hang_ban_bi_tra_lai,81283850.0,26398172.0,27552400.0,32355568.0,0.0,315442712.0,,,,0.0,0.0
Thue_gtgt_phai_nop,0.0,0.0,0.0,0.0,0.0,0.0,,,,0.0,0.0
Thue_tieu_thu_dac_biet,0.0,0.0,0.0,0.0,0.0,0.0,,,,0.0,0.0
Thue_xuat_khau,0.0,0.0,0.0,0.0,0.0,0.0,,,,0.0,0.0
Gia_von,626295145585.0,836132277250.0,778189548808.0,800467966732.0,822810009632.0,831693480231.0,,,,839957613351.0,0.0
Gia_von_hang_hoa_da_ban,0.0,0.0,0.0,11666630044.0,21843526184.0,0.0,,,,839957613351.0,0.0
Gia_von_thanh_pham_da_ban,614346536228.0,814152016731.0,747664012731.0,770886955824.0,799210506347.0,79396820127.0,,,,0.0,0.0
Gia_von_cua_dich_vu_cung_cap,11948609357.0,21980260519.0,30525536077.0,17914380864.0,1755977101.0,752296660104.0,,,,0.0,0.0
Gia_tri_con_lai_chi_phi_nhuong_ban_thanh_ly_bds_dau_tu_da_ban,0.0,0.0,0.0,0.0,0.0,0.0,,,,0.0,0.0
Chi_phi_kinh_doanh_bds_dau_tu,0.0,0.0,0.0,0.0,0.0,0.0,,,,0.0,0.0
Hao_hut_mat_mat_hang_ton_kho,0.0,0.0,0.0,0.0,0.0,0.0,,,,0.0,0.0
Cac_khoan_chi_phi_vuot_muc_binh_thuong,0.0,0.0,0.0,0.0,0.0,0.0,,,,0.0,0.0
Du_phong,0.0,0.0,0.0,0.0,0.0,0.0,,,,0.0,0.0
Doanh_thu_tai_chinh,157815458793.0,144462460241.0,109676396224.0,41026213081.0,51972183442.0,11479289234.0,,,,37603527810.0,0.0
Lai_tien_gui_tien_cho_vay,388991655.0,903224439.0,844486481.0,40603699562.0,197961017.0,136640719.0,,,,10176469703.0,0.0
Lai_dau_tu_trai_phieu_ky_phieu_tin_phieu,0.0,0.0,0.0,0.0,0.0,0.0,,,,0.0,0.0
Co_tuc_loi_nhuan_duoc_chia,156079408979.0,143266112548.0,108743118698.0,0.0,49937135846.0,10499602839.0,,,,23595242154.0,0.0
Lai_ban_ngoai_te,0.0,0.0,0.0,0.0,0.0,0.0,,,,0.0,0.0
Lai_chenh_lech_ty_gia_da_thuc_hien,0.0,0.0,0.0,394078670.0,1837086579.0,738203591.0,,,,3831815953.0,0.0
Lai_chenh_lech_ty_gia_chua_thuc_hien,0.0,0.0,0.0,28434849.0,0.0,104842085.0,,,,0.0,0.0
Lai_ban_hanh_tra_cham,0.0,0.0,0.0,0.0,0.0,0.0,,,,0.0,0.0
Doanh_thu_hoat_dong_tai_chinh_khac,1347058159.0,293123254.0,88791045.0,0.0,0.0,0.0,,,,0.0,0.0
Chi_phi_tai_chinh1,37208845144.0,37614261428.0,38603940537.0,41026213081.0,41937221855.0,47713410261.0,,,,47525528408.0,0.0
Lai_tien_vay,19314492848.0,36759871015.0,38263612391.0,40603699562.0,39422161587.0,44989143793.0,,,,32447164167.0,0.0
Chiet_khau_thanh_toan_lai_ban_hang_tra_cham,0.0,0.0,0.0,0.0,617909660.0,1784019727.0,,,,0.0,0.0
Lo_do_thanh_ly_cac_khoan_dau_tu_ngan_han_dai_han,0.0,0.0,0.0,0.0,0.0,0.0,,,,0.0,0.0
Lo_ban_ngoai_te,0.0,0.0,0.0,0.0,0.0,0.0,,,,0.0,0.0
Lo_chenh_lech_ty_gia_da_thuc_hien,0.0,0.0,0.0,0.0,1464162415.0,940246741.0,,,,15078364241.0,0.0
Lo_chenh_lech_ty_gia_chua_thuc_hien,0.0,0.0,0.0,0.0,431188383.0,0.0,,,,0.0,0.0
Du_phong_giam_gia_cac_khoan_dau_tu_ngan_han_dai_han,0.0,0.0,0.0,0.0,0.0,0.0,,,,0.0,0.0
Chi_phi_tai_chinh_khac,17894352296.0,854390413.0,340328146.0,422513519.0,1799810.0,0.0,,,,0.0,0.0
Chi_phi_san_xuat_theo_yeu_to,812667341588.0,901275247779.0,890349479406.0,866197731796.0,875028720333.0,883470161949.0,,,,0.0,0.0
Chi_phi_nguyen_lieu_vat_lieu,539916193112.0,591571522966.0,583030393745.0,556910549559.0,601230551457.0,621267775348.0,,,,0.0,0.0
Chi_phi_nhan_cong,173488760891.0,196300421628.0,196142577831.0,208410021290.0,186063127637.0,164565257735.0,,,,0.0,0.0
Chi_phi_khau_hao_tai_san_co_dinh,39130108348.0,40412876460.0,38275222343.0,36624842448.0,30835424040.0,34892486859.0,,,,0.0,0.0
Chi_phi_dich_vu_mua_ngoai,38051048899.0,40575055756.0,39869078029.0,35935258761.0,36848953980.0,36382923854.0,,,,0.0,0.0
Chi_phi_khac_bang_tien,22081230338.0,32415370969.0,33032207458.0,28317059738.0,20050663219.0,26361718153.0,,,,0.0,0.0
Khau_hao,-524397248712.0,-501332490012.0,-477528613209.0,-476631952969.0,-461167034201.0,-439987492282.0,-419677823891.0,-394138529815.0,0.0,-263176176381.0,-214570149614.0
Dau_tu_nam_giu_den_ngay_dao_han,3000000000.0,2666182370.0,0.0,0.0,0.0,0.0,0.0,0.0,0.0,0.0,0.0
Phai_thu_ve_cho_vay_ngan_han,0.0,0.0,0.0,0.0,0.0,0.0,0.0,0.0,0.0,0.0,0.0
Tai_san_thieu_cho_xu_ly1,0.0,0.0,0.0,0.0,352398685.0,0.0,0.0,0.0,0.0,0.0,0.0
Giao_dich_mua_ban_lai_trai_phieu_chinh_phu,0.0,0.0,0.0,0.0,0.0,0.0,0.0,0.0,0.0,0.0,0.0
Tra_truoc_nguoi_ban_dai_han,0.0,0.0,0.0,0.0,0.0,0.0,0.0,0.0,0.0,0.0,0.0
Von_kinh_doanh_o_cac_don_vi_truc_thuoc,0.0,0.0,0.0,0.0,0.0,0.0,0.0,0.0,0.0,0.0,0.0
Phai_thu_ve_cho_vay_dai_han,0.0,0.0,0.0,0.0,0.0,0.0,0.0,0.0,0.0,0.0,0.0
Tai_san_do_dang_dai_han,13958617915.0,12240939610.0,6824519502.0,10115580457.0,218302824364.0,0.0,0.0,0.0,0.0,0.0,0.0
Chi_phi_san_xuat_kinh_doanh_do_dang_dai_han,0.0,0.0,0.0,0.0,0.0,0.0,0.0,0.0,0.0,0.0,0.0
Xay_dung_co_ban_do_dang1,13958617915.0,12240939610.0,6824519502.0,10115580457.0,218302824364.0,0.0,0.0,0.0,0.0,0.0,0.0
Dau_tu_nam_giu_den_ngay_dao_han1,1975806507.0,533300213.0,0.0,0.0,0.0,0.0,0.0,0.0,0.0,0.0,0.0
Thiet_bi_vat_tu_phu_tung_thay_the_dai_han,0.0,0.0,0.0,0.0,0.0,0.0,0.0,0.0,0.0,0.0,0.0
Doanh_thu_chua_thuc_hien_ngan_han,3742006065.0,3474006037.0,26854541.0,72890912.0,0.0,0.0,0.0,0.0,0.0,0.0,0.0
Quy_binh_on_gia,0.0,0.0,0.0,0.0,0.0,0.0,0.0,0.0,0.0,0.0,0.0
Giao_dich_mua_ban_lai_trai_phieu_chinh_phu1,0.0,0.0,0.0,0.0,0.0,0.0,0.0,0.0,0.0,0.0,0.0
Nguoi_mua_tra_tien_truoc_dai_han,0.0,0.0,0.0,0.0,0.0,0.0,0.0,0.0,0.0,0.0,0.0
Chi_phi_phai_tra_dai_han,0.0,0.0,0.0,0.0,0.0,0.0,0.0,0.0,0.0,0.0,0.0
Phai_tra_noi_bo_ve_von_kinh_doanh,0.0,0.0,0.0,0.0,0.0,0.0,0.0,0.0,0.0,0.0,0.0
Trai_phieu_chuyen_doi,0.0,0.0,0.0,0.0,0.0,0.0,0.0,0.0,0.0,0.0,0.0
Co_phieu_uu_dai,0.0,0.0,0.0,0.0,0.0,0.0,0.0,0.0,0.0,0.0,0.0
Co_phieu_pho_thong,192000000000.0,192000000000.0,192000000000.0,192000000000.0,192000000000.0,192000000000.0,192000000000.0,192000000000.0,192000000000.0,192000000000.0,192000000000.0
Co_phieu_uu_dai1,0.0,0.0,0.0,0.0,0.0,0.0,0.0,0.0,0.0,0.0,0.0
Quyen_chon_chuyen_doi_trai_phieu,0.0,0.0,0.0,0.0,0.0,0.0,0.0,0.0,0.0,0.0,0.0
Lnst_chua_phan_phoi_luy_ke_den_cuoi_ky_truoc,157787.0,29376351893.0,47689588897.0,33695258686.0,14451385609.0,0.0,0.0,0.0,0.0,0.0,0.0
Lnst_chua_phan_phoi_ky_nay,86891355729.0,72940147265.0,69450432375.0,58788777099.0,59380975344.0,36524216950.0,50676371905.0,21988410698.0,30430548427.0,0.0,0.0
Loi_the_thuong_mai1,0.0,0.0,0.0,0.0,0.0,0.0,0.0,0.0,0.0,0.0,0.0
Loi_ich_co_dong_khong_kiem_soat,0.0,0.0,0.0,0.0,0.0,0.0,0.0,0.0,0.0,0.0,0.0
Nguon_kinh_phi_da_hinh_thanh_tscd,0.0,0.0,0.0,0.0,0.0,0.0,0.0,0.0,0.0,0.0,0.0
Du_phong_nghiep_vu_bao_hiem_tu_2014,0.0,0.0,0.0,0.0,0.0,0.0,0.0,0.0,0.0,0.0,0.0
Lai_lo_tu_cong_ty_lien_doanh,0.0,0.0,0.0,0.0,0.0,0.0,0.0,0.0,,0.0,
Cac_khoan_dieu_chinh_khac,0.0,0.0,0.0,0.0,0.0,0.0,0.0,0.0,,0.0,
Tang_giam_chung_khoan_kinh_doanh,0.0,0.0,0.0,0.0,0.0,0.0,0.0,0.0,,0.0,
Dau_tu_nam_giu_den_ngay_dao_han2,3000000000.0,2666182370.0,0.0,0.0,0.0,0.0,,,,0.0,0.0
Ngan_han,3000000000.0,2666182370.0,0.0,0.0,0.0,0.0,,,,0.0,0.0
Dai_han,0.0,0.0,0.0,0.0,0.0,0.0,,,,0.0,0.0
Gia_goc_loi_the_thuong_mai,0.0,0.0,0.0,0.0,0.0,0.0,,,,0.0,0.0
So_du_dau_ky,0.0,0.0,0.0,0.0,0.0,0.0,,,,0.0,0.0
Tang_trong_ky6,0.0,0.0,0.0,0.0,0.0,0.0,,,,0.0,0.0
Giam_trong_ky6,0.0,0.0,0.0,0.0,0.0,0.0,,,,0.0,0.0
Phan_bo_luy_ke,0.0,0.0,0.0,0.0,0.0,0.0,,,,0.0,0.0
So_du_dau_ky.1,0.0,0.0,0.0,0.0,0.0,0.0,,,,0.0,0.0
Tang_trong_ky7,0.0,0.0,0.0,0.0,0.0,0.0,,,,0.0,0.0
Giam_trong_ky7,0.0,0.0,0.0,0.0,0.0,0.0,,,,0.0,0.0
Lai_tu_ban_thanh_ly_cac_khoan_dau_tu,0.0,0.0,0.0,0.0,0.0,0.0,,,,0.0,0.0
Gia,26000.0,15100.0,17000.0,12700.0,8000.0,,,,,,
Nn_mua,0.0,9900.0,0.0,0.0,0.0,,,,,,
Nn_ban,0.0,0.0,0.0,0.0,0.0,,,,,,
Gt_nn_mua,0.0,197460000.0,0.0,0.0,0.0,,,,,,
Gt_nn_ban,0.0,0.0,0.0,0.0,0.0,,,,,,
So_co_phieu,19200000.0,19200000.0,19200000.0,19200000.0,19200000.0,19200000.0,19200000.0,19200000.0,19200000.0,19200000.0,19200000.0
So_co_phieu_trung_binh,19200000.0,19200000.0,19200000.0,19200000.0,19200000.0,19200000.0,19200000.0,19200000.0,19200000.0,19200000.0,19200000.0
EPS,4525.59144421875,3798.966003385417,3617.21001953125,3061.91547390625,3092.7591325,782.0422403645833,2480.4720771875,1288.9851315625,,1792.370409479167,
PE,5.745105434387783,3.9747657616687695,4.699754758006286,4.147730434830693,2.586687051032417,,,,,,
EBIT,28183607325.0,25133717964.0,37512668164.0,83337793388.0,99012317822.0,73916800892.0,72822002572.0,52248525192.0,,46047495527.0,
Bien_ebit,3.1151486518473464,2.7987508299354023,4.361859845341874,8.989196242340244,10.270826649686184,7.762136560587868,7.817145400413632,5.58322262275585,,4.993386082961344,
Bien_lai_gop,7.213935551403821,6.892967119267098,9.514467748049855,13.657857424178749,14.647599809251824,12.662367794622615,12.546761167291882,11.569748362857124,,8.915075428477627,
EBITDA,28183607325.0,25133717964.0,75787890507.0,119962635836.0,129847741862.0,73916800892.0,72822002572.0,52248525192.0,,46047495527.0,
Ty_le_khau_hao,0.0,0.0,15.87315251202767,15.93068617658314,15.752563125047894,0.0,0.0,0.0,,0.0,
Bien_lai_rong,9.604146358379001,8.122208500386959,8.075486683425556,6.34122686365972,6.159755851226006,1.576774386580458,5.112356649372448,2.6446003150022266,,3.7317979888130375,
BV,386374926017.0,379917867480.0,373906259881.0,331613641264.0,295147673829.0,253334966522.0,260343361895.0,228357139083.0,227719813839.0,215484598844.0,210449476313.0
BVPS,20123.694063385414,19787.38893125,19474.284368802084,17271.543815833335,15372.27467859375,13194.529506354167,13559.550098697915,11893.60099390625,11860.40697078125,11223.156189791667,10960.910224635416
PB,1.2920093059507591,0.7631123061493343,0.8729460697017498,0.7353135385823203,0.5204174507199111,,,,,,
PS,2.873793408134315e-08,1.6814518883579756e-08,1.976708696023211e-08,1.3698801904462188e-08,8.298625363483058e-09,,,,,,
Von_hoa,499200000000.0,289920000000.0,326400000000.0,243840000000.0,153600000000.0,,,,,,
EV,1152479687574.0,988698048825.0,1099452333476.0,1104706095940.0,1128475975182.0,,,,,,
NCAV,-592879817073.0,-640089022595.0,-733565079979.0,-806453640196.0,-925950449568.0,-884929599616.0,-846842822379.0,-813401757596.0,-558233953342.0,-469971253420.0,-455559233512.0
Chi_phi_hoat_dong,10.993053318508284,11.026306227284367,12.586708194787734,11.201968223031141,9.150416020481996,7.149124646589307,6.83768182586599,6.3304536642196645,,4.029449148990257,
ROA,8.204486128212437,6.6272816802286645,5.93615747376671,4.901617906020506,4.6266067522084695,1.1970706523153256,3.7152998874742393,2.0074979744793424,,3.667202546844972,
ROE,22.48887023408369,19.198925217393146,18.57428982256232,17.728093716204466,20.119072792829677,5.927018769316257,18.29317388211643,10.83763556741914,,15.970288385627804,
Vong_quay_tai_san,0.8542650040994583,0.7675787826362777,0.7170530313349822,0.722331236867617,0.7685500792615906,0.7428826003690012,0.7556495132351252,0.9133332224311032,,1.0505147481482553,
IC,895887615970.0,916443696728.0,905927761485.0,857787646248.0,840032275239.0,782537350691.0,,,,607724505988.0,635958019968.0
Working_IC,739779052815.0,759619731994.0,751214227169.0,719176341091.0,694872731203.0,720560360479.0,,,,380479551590.0,480741586670.0
ROIC,3.8097330841899373,3.3271317223931143,5.102408703340767,11.787114750240145,13.99039183185138,10.258238580160453,,,,10.693535836808133,
No_chiem_dung,163183657613.0,184160605072.0,264028269532.0,341587299457.0,443434821152.0,471792206713.0,,,,330688669243.0,241868534108.0
Chi_so_tien_mat,0.037366146709956,0.03782049228445945,0.03100859097964737,0.009046190343525029,0.014310767212429697,0.004959139371042642,0.0047054226455052325,0.005336680172253128,0.053908769628169886,0.2930773876641725,0.2036690487639403
Chi_so_thanh_toan_nhanh,0.2977341204278189,0.2516576942675141,0.2419725068911649,0.21103431455884847,0.23695650106860525,0.3106986953706892,0.3159663290109045,0.30350841162849285,0.2756036906432593,0.4807854874852095,0.4558986583215634
Chi_so_thanh_toan_hien_hanh,0.7423040787735093,0.7701929853910887,0.7865422814469137,0.7532093322126561,0.7412032477527822,0.901620067792868,0.9117566691551088,0.8664363305757777,0.7943945147513783,0.7849207469288254,0.961413409401885
Dau_tu_tscd_rong,-44234142859.0,-60597715448.0,9793127037.0,-32269728620.0,-45353057292.0,-12833661655.0,-34124329481.0,-13650408195.0,,-715889381975.0,
Dau_tu_tai_chinh_rong,-1776323924.0,-3199482583.0,0.0,0.0,0.0,0.0,-462500000.0,2000000000.0,,613527786489.0,
Dau_tu_khac,157536857612.0,144169336987.0,109587605179.0,80527407407.0,50135096863.0,55401390271.0,35263648465.0,450950596.0,,33273105734.0,
Dong_tien_tu_do,-67295421407.0,-133264350322.0,-48527121333.0,-43472591444.0,-27012060194.0,-59882217457.0,-70974284245.0,-10295007924.0,,-517727540282.0,
Ty_le_co_tuc_tien_mat,0.20117119341145834,0.0683927605,0.2646858474947917,0.12933386526041668,0.1532940096875,0.01890251822916667,0.0024229390625,0.01669153564583333,,0.0,
Ty_le_co_tuc_so_voi_dong_tien_tu_do,-0.5739598374961997,-0.09853655523229753,-1.0472428885749911,-0.5712128333087279,-1.0896040379229432,-0.060607032506872376,-0.006554547255371197,-0.31129406287575,,-0.0,
Ty_le_tien_va_dau_tu_tai_chinh_tren_tts,0.021603040855405608,0.02274847356497948,0.02005198232929073,0.0061346191425360255,0.010474321794303748,0.003516110089223937,0.003123259822166965,0.0035400236158010883,0.03104436744848247,0.18130694398671254,0.11176730009184216
So_ngay_phai_thu,60.0,56.0,62.0,69.0,86.0,97.0,95.0,69.0,,44.0,
So_ngay_phai_tra,40.0,44.0,46.0,38.0,44.0,60.0,73.0,40.0,,39.0,
So_ngay_ton_kho,108.0,151.0,179.0,178.0,187.0,195.0,187.0,147.0,,82.0,
Chu_ky_tien_mat,128.0,163.0,195.0,209.0,229.0,232.0,209.0,176.0,,87.0,
Tong_no_vay,509512689953.0,536525829248.0,532021501604.0,526174004984.0,544884601410.0,529202384169.0,,,,392239907144.0,425508543655.0
No_vay_rong,486633529961.0,511488761383.0,508561563944.0,518816296483.0,531441154030.0,524792023357.0,,,,222099082146.0,327396239757.0
VCSH,386374926017.0,379917867480.0,373906259881.0,331613641264.0,295147673829.0,253334966522.0,260343361895.0,228357139083.0,227719813839.0,215484598844.0,210449476313.0
Ty_le_no,1.3187001941491985,1.4122153106585449,1.4228740159988815,1.5867079622490834,1.846142286473484,2.088943312620223,,,,1.8202688695536984,2.021903551910693
F_score,2.0,3.0,3.0,4.0,6.0,3.0,6.0,4.0,1.0,4.0,0.0
EPS_cong_don,,,,,,,,,,,
EBIT_cong_don,,,,,,,,,,,
